date,nav,economic_nav,cash,cash_ratio,holdings,dividend_receivable,odd_residual_names,fees,taxes,costs,traded_notional,turnover,violations,active_cap_breaches,passive_cap_breaches,overdue_passive_caps,active_share_status,submission_status,stale_count,executed_plan,terminal_dividend_credit
2024-10-21,996671495.5740341,996671495.5740341,87458295.57403408,0.08775037307920838,22,0.0,0,1298521.5356187443,0.0,1298521.5356187443,911243182.890347,0.911243182890347,,,,,UNKNOWN_MISSING_HISTORICAL_ETF_HOLDINGS,BLOCK_SUBMISSION,0,D-1 estimated accounting; fill-day constraints require ledger audit,0.0
2024-10-22,1007861295.5740341,1007861295.5740341,87458295.57403408,0.08677612282374791,22,0.0,0,0.0,0.0,0.0,0.0,0.0,,,,,UNKNOWN_MISSING_HISTORICAL_ETF_HOLDINGS,BLOCK_SUBMISSION,0,D-1 estimated accounting; fill-day constraints require ledger audit,0.0
2024-10-23,1005991245.5740341,1005991245.5740341,87458295.57403408,0.08693743206893319,22,0.0,0,0.0,0.0,0.0,0.0,0.0,,,,,UNKNOWN_MISSING_HISTORICAL_ETF_HOLDINGS,BLOCK_SUBMISSION,0,D-1 estimated accounting; fill-day constraints require ledger audit,0.0
2024-10-24,982480995.5740341,982480995.5740341,87458295.57403408,0.08901779878493714,22,0.0,0,0.0,0.0,0.0,0.0,0.0,,,,,UNKNOWN_MISSING_HISTORICAL_ETF_HOLDINGS,BLOCK_SUBMISSION,0,D-1 estimated accounting; fill-day constraints require ledger audit,0.0
2024-10-25,989836095.5740341,989836095.5740341,87458295.57403408,0.08835634097917447,22,0.0,0,0.0,0.0,0.0,0.0,0.0,,,,,UNKNOWN_MISSING_HISTORICAL_ETF_HOLDINGS,BLOCK_SUBMISSION,0,D-1 estimated accounting; fill-day constraints require ledger audit,0.0
2024-10-28,973614136.1259428,973614136.1259428,82104136.12594283,0.08432923586405504,22,0.0,0,113167.7522127692,111429.60656367957,224597.35877644876,79415966.4651012,0.08023143106237768,,,,,UNKNOWN_MISSING_HISTORICAL_ETF_HOLDINGS,BLOCK_SUBMISSION,0,D-1 estimated accounting; fill-day constraints require ledger audit,0.0
2024-10-29,963139586.1259428,963139586.1259428,82104136.12594283,0.08524635193969346,22,0.0,0,0.0,0.0,0.0,0.0,0.0,,,,,UNKNOWN_MISSING_HISTORICAL_ETF_HOLDINGS,BLOCK_SUBMISSION,0,D-1 estimated accounting; fill-day constraints require ledger audit,0.0
2024-10-30,969907136.1259428,969907136.1259428,82104136.12594283,0.08465154350125492,22,0.0,0,0.0,0.0,0.0,0.0,0.0,,,,,UNKNOWN_MISSING_HISTORICAL_ETF_HOLDINGS,BLOCK_SUBMISSION,0,D-1 estimated accounting; fill-day constraints require ledger audit,0.0
2024-11-01,973815436.1259428,973815436.1259428,82104136.12594283,0.08431180394158833,22,0.0,0,0.0,0.0,0.0,0.0,0.0,,,,,UNKNOWN_MISSING_HISTORICAL_ETF_HOLDINGS,BLOCK_SUBMISSION,0,D-1 estimated accounting; fill-day constraints require ledger audit,0.0
2024-11-04,994569386.1259428,994569386.1259428,82104136.12594283,0.08255244658771946,22,0.0,0,0.0,0.0,0.0,0.0,0.0,,,,,UNKNOWN_MISSING_HISTORICAL_ETF_HOLDINGS,BLOCK_SUBMISSION,0,D-1 estimated accounting; fill-day constraints require ledger audit,0.0
2024-11-05,1000834386.1259428,1000834386.1259428,82104136.12594283,0.08203568668713888,22,0.0,0,0.0,0.0,0.0,0.0,0.0,,,,,UNKNOWN_MISSING_HISTORICAL_ETF_HOLDINGS,BLOCK_SUBMISSION,0,D-1 estimated accounting; fill-day constraints require ledger audit,0.0
2024-11-06,1014738036.1259428,1014738036.1259428,82104136.12594283,0.08091165719913211,22,0.0,0,0.0,0.0,0.0,0.0,0.0,,,,,UNKNOWN_MISSING_HISTORICAL_ETF_HOLDINGS,BLOCK_SUBMISSION,0,D-1 estimated accounting; fill-day constraints require ledger audit,0.0
2024-11-07,1033592136.1259428,1033592136.1259428,82104136.12594283,0.079435720586731,22,0.0,0,0.0,0.0,0.0,0.0,0.0,,,,,UNKNOWN_MISSING_HISTORICAL_ETF_HOLDINGS,BLOCK_SUBMISSION,0,D-1 estimated accounting; fill-day constraints require ledger audit,0.0
2024-11-08,1035891736.1259428,1035891736.1259428,82104136.12594283,0.07925937939518486,22,0.0,0,0.0,0.0,0.0,0.0,0.0,,,,,UNKNOWN_MISSING_HISTORICAL_ETF_HOLDINGS,BLOCK_SUBMISSION,0,D-1 estimated accounting; fill-day constraints require ledger audit,0.0
2024-11-11,1034867336.1259428,1034867336.1259428,82104136.12594283,0.07933783709253221,22,0.0,0,0.0,0.0,0.0,0.0,0.0,,,,,UNKNOWN_MISSING_HISTORICAL_ETF_HOLDINGS,BLOCK_SUBMISSION,0,D-1 estimated accounting; fill-day constraints require ledger audit,0.0
2024-11-12,1015069436.1259428,1015069436.1259428,82104136.12594283,0.08088524115088803,22,0.0,0,0.0,0.0,0.0,0.0,0.0,,,,,UNKNOWN_MISSING_HISTORICAL_ETF_HOLDINGS,BLOCK_SUBMISSION,0,D-1 estimated accounting; fill-day constraints require ledger audit,0.0
2024-11-13,1008261886.1259428,1008261886.1259428,82104136.12594283,0.08143135950661844,22,0.0,0,0.0,0.0,0.0,0.0,0.0,,,,,UNKNOWN_MISSING_HISTORICAL_ETF_HOLDINGS,BLOCK_SUBMISSION,0,D-1 estimated accounting; fill-day constraints require ledger audit,0.0
2024-11-14,1003521386.1259428,1003521386.1259428,82104136.12594283,0.08181603029199289,22,0.0,0,0.0,0.0,0.0,0.0,0.0,,,,,UNKNOWN_MISSING_HISTORICAL_ETF_HOLDINGS,BLOCK_SUBMISSION,0,D-1 estimated accounting; fill-day constraints require ledger audit,0.0
2024-11-15,989401836.1259428,989401836.1259428,82104136.12594283,0.0829836100238363,22,0.0,0,0.0,0.0,0.0,0.0,0.0,,,,,UNKNOWN_MISSING_HISTORICAL_ETF_HOLDINGS,BLOCK_SUBMISSION,0,D-1 estimated accounting; fill-day constraints require ledger audit,0.0
2024-11-18,962916836.1259428,962916836.1259428,82104136.12594283,0.08526607184091667,22,0.0,0,0.0,0.0,0.0,0.0,0.0,,,,,UNKNOWN_MISSING_HISTORICAL_ETF_HOLDINGS,BLOCK_SUBMISSION,0,D-1 estimated accounting; fill-day constraints require ledger audit,0.0
2024-11-19,989296486.1259428,989296486.1259428,82104136.12594283,0.08299244693313358,22,0.0,0,0.0,0.0,0.0,0.0,0.0,,,,,UNKNOWN_MISSING_HISTORICAL_ETF_HOLDINGS,BLOCK_SUBMISSION,0,D-1 estimated accounting; fill-day constraints require ledger audit,0.0
2024-11-20,993653386.1259428,993653386.1259428,82104136.12594283,0.08262854761261423,22,0.0,0,0.0,0.0,0.0,0.0,0.0,,,,,UNKNOWN_MISSING_HISTORICAL_ETF_HOLDINGS,BLOCK_SUBMISSION,0,D-1 estimated accounting; fill-day constraints require ledger audit,0.0
2024-11-21,998141386.1259428,998141386.1259428,82104136.12594283,0.08225702016485983,22,0.0,0,0.0,0.0,0.0,0.0,0.0,,,,,UNKNOWN_MISSING_HISTORICAL_ETF_HOLDINGS,BLOCK_SUBMISSION,0,D-1 estimated accounting; fill-day constraints require ledger audit,0.0
2024-11-22,1002487086.1259428,1002487086.1259428,82104136.12594283,0.08190044267126655,22,0.0,0,0.0,0.0,0.0,0.0,0.0,,,,,UNKNOWN_MISSING_HISTORICAL_ETF_HOLDINGS,BLOCK_SUBMISSION,0,D-1 estimated accounting; fill-day constraints require ledger audit,0.0
