target_weight,target_shares,order_shares,expected_return,score,confidence,reason,family,model_ensemble_id,regime,observed_date,prior_regime,market_volatility,median_R5,median_R20,breadth,dispersion,above_EMA20,above_EMA50,model_train_end,latest_label_end,expert_weights,symbol,signal_date,decision_date
0.01478925,469000,469000,0.034873949579831934,0.3487394957983193,1.0,D-1 estimated accounting; fill-day constraints require ledger audit,direct,V4_DIRECT_FROZEN_LINEAR_PORTFOLIO,risk_on,2012-06-29,risk_on,0.020741011431745966,0.006249993998642234,0.03485251537035383,0.5630252100840336,0.05027730317064246,0.7310924369747899,0.5462184873949579,,,{},1402.TW,2012-06-29,2012-07-02
0.039525,232000,232000,0.040756302521008404,0.40756302521008403,1.0,D-1 estimated accounting; fill-day constraints require ledger audit,direct,V4_DIRECT_FROZEN_LINEAR_PORTFOLIO,risk_on,2012-06-29,risk_on,0.020741011431745966,0.006249993998642234,0.03485251537035383,0.5630252100840336,0.05027730317064246,0.7310924369747899,0.5462184873949579,,,{},1590.TW,2012-06-29,2012-07-02
0.07836335,1944000,1944000,0.05,0.5,1.0,D-1 estimated accounting; fill-day constraints require ledger audit,direct,V4_DIRECT_FROZEN_LINEAR_PORTFOLIO,risk_on,2012-06-29,risk_on,0.020741011431745966,0.006249993998642234,0.03485251537035383,0.5630252100840336,0.05027730317064246,0.7310924369747899,0.5462184873949579,,,{},1785.TWO,2012-06-29,2012-07-02
0.02886075,317000,317000,0.03823529411764706,0.38235294117647056,1.0,D-1 estimated accounting; fill-day constraints require ledger audit,direct,V4_DIRECT_FROZEN_LINEAR_PORTFOLIO,risk_on,2012-06-29,risk_on,0.020741011431745966,0.006249993998642234,0.03485251537035383,0.5630252100840336,0.05027730317064246,0.7310924369747899,0.5462184873949579,,,{},2308.TW,2012-06-29,2012-07-02
0.0077349,655000,655000,0.03319327731092438,0.33193277310924374,1.0,D-1 estimated accounting; fill-day constraints require ledger audit,direct,V4_DIRECT_FROZEN_LINEAR_PORTFOLIO,risk_on,2012-06-29,risk_on,0.020741011431745966,0.006249993998642234,0.03485251537035383,0.5630252100840336,0.05027730317064246,0.7310924369747899,0.5462184873949579,,,{},2313.TW,2012-06-29,2012-07-02
0.0112197,125000,125000,0.034033613445378155,0.3403361344537815,1.0,D-1 estimated accounting; fill-day constraints require ledger audit,direct,V4_DIRECT_FROZEN_LINEAR_PORTFOLIO,risk_on,2012-06-29,risk_on,0.020741011431745966,0.006249993998642234,0.03485251537035383,0.5630252100840336,0.05027730317064246,0.7310924369747899,0.5462184873949579,,,{},2317.TW,2012-06-29,2012-07-02
0.05719525,3552000,3552000,0.04495798319327731,0.44957983193277307,1.0,D-1 estimated accounting; fill-day constraints require ledger audit,direct,V4_DIRECT_FROZEN_LINEAR_PORTFOLIO,risk_on,2012-06-29,risk_on,0.020741011431745966,0.006249993998642234,0.03485251537035383,0.5630252100840336,0.05027730317064246,0.7310924369747899,0.5462184873949579,,,{},2603.TW,2012-06-29,2012-07-02
0.064273575,4814000,4814000,0.046638655462184875,0.46638655462184875,1.0,D-1 estimated accounting; fill-day constraints require ledger audit,direct,V4_DIRECT_FROZEN_LINEAR_PORTFOLIO,risk_on,2012-06-29,risk_on,0.020741011431745966,0.006249993998642234,0.03485251537035383,0.5630252100840336,0.05027730317064246,0.7310924369747899,0.5462184873949579,,,{},2609.TW,2012-06-29,2012-07-02
0.0466119,3478000,3478000,0.042436974789915975,0.4243697478991597,1.0,D-1 estimated accounting; fill-day constraints require ledger audit,direct,V4_DIRECT_FROZEN_LINEAR_PORTFOLIO,risk_on,2012-06-29,risk_on,0.020741011431745966,0.006249993998642234,0.03485251537035383,0.5630252100840336,0.05027730317064246,0.7310924369747899,0.5462184873949579,,,{},2610.TW,2012-06-29,2012-07-02
0.0678097,4644000,4644000,0.04747899159663865,0.47478991596638653,1.0,D-1 estimated accounting; fill-day constraints require ledger audit,direct,V4_DIRECT_FROZEN_LINEAR_PORTFOLIO,risk_on,2012-06-29,risk_on,0.020741011431745966,0.006249993998642234,0.03485251537035383,0.5630252100840336,0.05027730317064246,0.7310924369747899,0.5462184873949579,,,{},2615.TW,2012-06-29,2012-07-02
0.004202445,448000,448000,0.032352941176470584,0.32352941176470584,1.0,D-1 estimated accounting; fill-day constraints require ledger audit,direct,V4_DIRECT_FROZEN_LINEAR_PORTFOLIO,risk_on,2012-06-29,risk_on,0.020741011431745966,0.006249993998642234,0.03485251537035383,0.5630252100840336,0.05027730317064246,0.7310924369747899,0.5462184873949579,,,{},2812.TW,2012-06-29,2012-07-02
0.0254072,2268000,2268000,0.037394957983193276,0.3739495798319328,1.0,D-1 estimated accounting; fill-day constraints require ledger audit,direct,V4_DIRECT_FROZEN_LINEAR_PORTFOLIO,risk_on,2012-06-29,risk_on,0.020741011431745966,0.006249993998642234,0.03485251537035383,0.5630252100840336,0.05027730317064246,0.7310924369747899,0.5462184873949579,,,{},2890.TW,2012-06-29,2012-07-02
0.060255,97000,97000,0.045798319327731096,0.45798319327731096,1.0,D-1 estimated accounting; fill-day constraints require ledger audit,direct,V4_DIRECT_FROZEN_LINEAR_PORTFOLIO,risk_on,2012-06-29,risk_on,0.020741011431745966,0.006249993998642234,0.03485251537035383,0.5630252100840336,0.05027730317064246,0.7310924369747899,0.5462184873949579,,,{},3008.TW,2012-06-29,2012-07-02
0.0218517,646000,646000,0.0365546218487395,0.365546218487395,1.0,D-1 estimated accounting; fill-day constraints require ledger audit,direct,V4_DIRECT_FROZEN_LINEAR_PORTFOLIO,risk_on,2012-06-29,risk_on,0.020741011431745966,0.006249993998642234,0.03485251537035383,0.5630252100840336,0.05027730317064246,0.7310924369747899,0.5462184873949579,,,{},3037.TW,2012-06-29,2012-07-02
0.03600175,365000,365000,0.039915966386554626,0.39915966386554624,1.0,D-1 estimated accounting; fill-day constraints require ledger audit,direct,V4_DIRECT_FROZEN_LINEAR_PORTFOLIO,risk_on,2012-06-29,risk_on,0.020741011431745966,0.006249993998642234,0.03485251537035383,0.5630252100840336,0.05027730317064246,0.7310924369747899,0.5462184873949579,,,{},3045.TW,2012-06-29,2012-07-02
0.0183425,126000,126000,0.03571428571428571,0.3571428571428571,1.0,D-1 estimated accounting; fill-day constraints require ledger audit,direct,V4_DIRECT_FROZEN_LINEAR_PORTFOLIO,risk_on,2012-06-29,risk_on,0.020741011431745966,0.006249993998642234,0.03485251537035383,0.5630252100840336,0.05027730317064246,0.7310924369747899,0.5462184873949579,,,{},3293.TWO,2012-06-29,2012-07-02
0.07483245,1875000,1875000,0.049159663865546224,0.4915966386554622,1.0,D-1 estimated accounting; fill-day constraints require ledger audit,direct,V4_DIRECT_FROZEN_LINEAR_PORTFOLIO,risk_on,2012-06-29,risk_on,0.020741011431745966,0.006249993998642234,0.03485251537035383,0.5630252100840336,0.05027730317064246,0.7310924369747899,0.5462184873949579,,,{},3491.TWO,2012-06-29,2012-07-02
0.04300694999999999,499000,499000,0.04159663865546218,0.4159663865546218,1.0,D-1 estimated accounting; fill-day constraints require ledger audit,direct,V4_DIRECT_FROZEN_LINEAR_PORTFOLIO,risk_on,2012-06-29,risk_on,0.020741011431745966,0.006249993998642234,0.03485251537035383,0.5630252100840336,0.05027730317064246,0.7310924369747899,0.5462184873949579,,,{},3653.TW,2012-06-29,2012-07-02
0.07130025,1417000,1417000,0.04831932773109243,0.4831932773109243,1.0,D-1 estimated accounting; fill-day constraints require ledger audit,direct,V4_DIRECT_FROZEN_LINEAR_PORTFOLIO,risk_on,2012-06-29,risk_on,0.020741011431745966,0.006249993998642234,0.03485251537035383,0.5630252100840336,0.05027730317064246,0.7310924369747899,0.5462184873949579,,,{},8046.TW,2012-06-29,2012-07-02
0.053660875,1638000,1638000,0.04411764705882353,0.4411764705882353,1.0,D-1 estimated accounting; fill-day constraints require ledger audit,direct,V4_DIRECT_FROZEN_LINEAR_PORTFOLIO,risk_on,2012-06-29,risk_on,0.020741011431745966,0.006249993998642234,0.03485251537035383,0.5630252100840336,0.05027730317064246,0.7310924369747899,0.5462184873949579,,,{},8069.TWO,2012-06-29,2012-07-02
0.03247825,969000,969000,0.03907563025210085,0.39075630252100846,1.0,D-1 estimated accounting; fill-day constraints require ledger audit,direct,V4_DIRECT_FROZEN_LINEAR_PORTFOLIO,risk_on,2012-06-29,risk_on,0.020741011431745966,0.006249993998642234,0.03485251537035383,0.5630252100840336,0.05027730317064246,0.7310924369747899,0.5462184873949579,,,{},8210.TW,2012-06-29,2012-07-02
0.05004,208000,208000,0.043277310924369754,0.4327731092436975,1.0,D-1 estimated accounting; fill-day constraints require ledger audit,direct,V4_DIRECT_FROZEN_LINEAR_PORTFOLIO,risk_on,2012-06-29,risk_on,0.020741011431745966,0.006249993998642234,0.03485251537035383,0.5630252100840336,0.05027730317064246,0.7310924369747899,0.5462184873949579,,,{},8299.TWO,2012-06-29,2012-07-02
0.0150573547617356,469000,0,0.040756302521008404,0.40756302521008403,1.0,D-1 estimated accounting; fill-day constraints require ledger audit,direct,V4_DIRECT_FROZEN_LINEAR_PORTFOLIO,risk_on,2012-07-02,risk_on,0.017416625920197524,0.018121885672079063,0.07219239299262603,0.7983193277310925,0.059235645450932406,0.8319327731092437,0.6218487394957983,,,{},1402.TW,2012-07-02,2012-07-03
0.03774862001469458,232000,0,0.0063025210084033615,0.06302521008403361,1.0,D-1 estimated accounting; fill-day constraints require ledger audit,direct,V4_DIRECT_FROZEN_LINEAR_PORTFOLIO,risk_on,2012-07-02,risk_on,0.017416625920197524,0.018121885672079063,0.07219239299262603,0.7983193277310925,0.059235645450932406,0.8319327731092437,0.6218487394957983,,,{},1590.TW,2012-07-02,2012-07-03
0.07795267927101937,1944000,0,0.04411764705882353,0.4411764705882353,1.0,D-1 estimated accounting; fill-day constraints require ledger audit,direct,V4_DIRECT_FROZEN_LINEAR_PORTFOLIO,risk_on,2012-07-02,risk_on,0.017416625920197524,0.018121885672079063,0.07219239299262603,0.7983193277310925,0.059235645450932406,0.8319327731092437,0.6218487394957983,,,{},1785.TWO,2012-07-02,2012-07-03
0.06115236353576577,4553000,4553000,0.046638655462184875,0.46638655462184875,1.0,D-1 estimated accounting; fill-day constraints require ledger audit,direct,V4_DIRECT_FROZEN_LINEAR_PORTFOLIO,risk_on,2012-07-02,risk_on,0.017416625920197524,0.018121885672079063,0.07219239299262603,0.7983193277310925,0.059235645450932406,0.8319327731092437,0.6218487394957983,,,{},2303.TW,2012-07-02,2012-07-03
0.028542977853803213,317000,0,0.008823529411764707,0.08823529411764708,1.0,D-1 estimated accounting; fill-day constraints require ledger audit,direct,V4_DIRECT_FROZEN_LINEAR_PORTFOLIO,risk_on,2012-07-02,risk_on,0.017416625920197524,0.018121885672079063,0.07219239299262603,0.7983193277310925,0.059235645450932406,0.8319327731092437,0.6218487394957983,,,{},2308.TW,2012-07-02,2012-07-03
0.007752072240851218,655000,0,0.023949579831932778,0.23949579831932777,1.0,D-1 estimated accounting; fill-day constraints require ledger audit,direct,V4_DIRECT_FROZEN_LINEAR_PORTFOLIO,risk_on,2012-07-02,risk_on,0.017416625920197524,0.018121885672079063,0.07219239299262603,0.7983193277310925,0.059235645450932406,0.8319327731092437,0.6218487394957983,,,{},2313.TW,2012-07-02,2012-07-03
0.01119429739158718,125000,0,0.017226890756302526,0.17226890756302526,1.0,D-1 estimated accounting; fill-day constraints require ledger audit,direct,V4_DIRECT_FROZEN_LINEAR_PORTFOLIO,risk_on,2012-07-02,risk_on,0.017416625920197524,0.018121885672079063,0.07219239299262603,0.7983193277310925,0.059235645450932406,0.8319327731092437,0.6218487394957983,,,{},2317.TW,2012-07-02,2012-07-03
0.057500248440875354,3552000,0,0.037394957983193276,0.3739495798319328,1.0,D-1 estimated accounting; fill-day constraints require ledger audit,direct,V4_DIRECT_FROZEN_LINEAR_PORTFOLIO,risk_on,2012-07-02,risk_on,0.017416625920197524,0.018121885672079063,0.07219239299262603,0.7983193277310925,0.059235645450932406,0.8319327731092437,0.6218487394957983,,,{},2603.TW,2012-07-02,2012-07-03
0.06417500924221256,4814000,0,0.0365546218487395,0.365546218487395,1.0,D-1 estimated accounting; fill-day constraints require ledger audit,direct,V4_DIRECT_FROZEN_LINEAR_PORTFOLIO,risk_on,2012-07-02,risk_on,0.017416625920197524,0.018121885672079063,0.07219239299262603,0.7983193277310925,0.059235645450932406,0.8319327731092437,0.6218487394957983,,,{},2609.TW,2012-07-02,2012-07-03
0.0,0,-3478000,-0.018907563025210086,-0.18907563025210083,1.0,D-1 estimated accounting; fill-day constraints require ledger audit,direct,V4_DIRECT_FROZEN_LINEAR_PORTFOLIO,risk_on,2012-07-02,risk_on,0.017416625920197524,0.018121885672079063,0.07219239299262603,0.7983193277310925,0.059235645450932406,0.8319327731092437,0.6218487394957983,,,{},2610.TW,2012-07-02,2012-07-03
0.06796024422170277,4644000,0,0.043277310924369754,0.4327731092436975,1.0,D-1 estimated accounting; fill-day constraints require ledger audit,direct,V4_DIRECT_FROZEN_LINEAR_PORTFOLIO,risk_on,2012-07-02,risk_on,0.017416625920197524,0.018121885672079063,0.07219239299262603,0.7983193277310925,0.059235645450932406,0.8319327731092437,0.6218487394957983,,,{},2615.TW,2012-07-02,2012-07-03
0.004261219370929992,448000,0,0.034033613445378155,0.3403361344537815,1.0,D-1 estimated accounting; fill-day constraints require ledger audit,direct,V4_DIRECT_FROZEN_LINEAR_PORTFOLIO,risk_on,2012-07-02,risk_on,0.017416625920197524,0.018121885672079063,0.07219239299262603,0.7983193277310925,0.059235645450932406,0.8319327731092437,0.6218487394957983,,,{},2812.TW,2012-07-02,2012-07-03
0.026259344192579723,2268000,0,0.045798319327731096,0.45798319327731096,1.0,D-1 estimated accounting; fill-day constraints require ledger audit,direct,V4_DIRECT_FROZEN_LINEAR_PORTFOLIO,risk_on,2012-07-02,risk_on,0.017416625920197524,0.018121885672079063,0.07219239299262603,0.7983193277310925,0.059235645450932406,0.8319327731092437,0.6218487394957983,,,{},2890.TW,2012-07-02,2012-07-03
0.059313890986848854,97000,0,0.016386554621848737,0.16386554621848737,1.0,D-1 estimated accounting; fill-day constraints require ledger audit,direct,V4_DIRECT_FROZEN_LINEAR_PORTFOLIO,risk_on,2012-07-02,risk_on,0.017416625920197524,0.018121885672079063,0.07219239299262603,0.7983193277310925,0.059235645450932406,0.8319327731092437,0.6218487394957983,,,{},3008.TW,2012-07-02,2012-07-03
0.021835419399738525,646000,0,0.025630252100840335,0.25630252100840334,1.0,D-1 estimated accounting; fill-day constraints require ledger audit,direct,V4_DIRECT_FROZEN_LINEAR_PORTFOLIO,risk_on,2012-07-02,risk_on,0.017416625920197524,0.018121885672079063,0.07219239299262603,0.7983193277310925,0.059235645450932406,0.8319327731092437,0.6218487394957983,,,{},3037.TW,2012-07-02,2012-07-03
0.03655788231551872,365000,0,0.04159663865546218,0.4159663865546218,1.0,D-1 estimated accounting; fill-day constraints require ledger audit,direct,V4_DIRECT_FROZEN_LINEAR_PORTFOLIO,risk_on,2012-07-02,risk_on,0.017416625920197524,0.018121885672079063,0.07219239299262603,0.7983193277310925,0.059235645450932406,0.8319327731092437,0.6218487394957983,,,{},3045.TW,2012-07-02,2012-07-03
0.01927068805635331,126000,0,0.049159663865546224,0.4915966386554622,1.0,D-1 estimated accounting; fill-day constraints require ledger audit,direct,V4_DIRECT_FROZEN_LINEAR_PORTFOLIO,risk_on,2012-07-02,risk_on,0.017416625920197524,0.018121885672079063,0.07219239299262603,0.7983193277310925,0.059235645450932406,0.8319327731092437,0.6218487394957983,,,{},3293.TWO,2012-07-02,2012-07-03
0.07800604749127113,1875000,0,0.05,0.5,1.0,D-1 estimated accounting; fill-day constraints require ledger audit,direct,V4_DIRECT_FROZEN_LINEAR_PORTFOLIO,risk_on,2012-07-02,risk_on,0.017416625920197524,0.018121885672079063,0.07219239299262603,0.7983193277310925,0.059235645450932406,0.8319327731092437,0.6218487394957983,,,{},3491.TWO,2012-07-02,2012-07-03
0.044704378276183634,499000,0,0.04747899159663865,0.47478991596638653,1.0,D-1 estimated accounting; fill-day constraints require ledger audit,direct,V4_DIRECT_FROZEN_LINEAR_PORTFOLIO,risk_on,2012-07-02,risk_on,0.017416625920197524,0.018121885672079063,0.07219239299262603,0.7983193277310925,0.059235645450932406,0.8319327731092437,0.6218487394957983,,,{},3653.TW,2012-07-02,2012-07-03
0.07344744937267725,1417000,0,0.04831932773109243,0.4831932773109243,1.0,D-1 estimated accounting; fill-day constraints require ledger audit,direct,V4_DIRECT_FROZEN_LINEAR_PORTFOLIO,risk_on,2012-07-02,risk_on,0.017416625920197524,0.018121885672079063,0.07219239299262603,0.7983193277310925,0.059235645450932406,0.8319327731092437,0.6218487394957983,,,{},8046.TW,2012-07-02,2012-07-03
0.05419054184268003,1638000,0,0.042436974789915975,0.4243697478991597,1.0,D-1 estimated accounting; fill-day constraints require ledger audit,direct,V4_DIRECT_FROZEN_LINEAR_PORTFOLIO,risk_on,2012-07-02,risk_on,0.017416625920197524,0.018121885672079063,0.07219239299262603,0.7983193277310925,0.059235645450932406,0.8319327731092437,0.6218487394957983,,,{},8069.TWO,2012-07-02,2012-07-03
0.03293901587240018,969000,0,0.03907563025210085,0.39075630252100846,1.0,D-1 estimated accounting; fill-day constraints require ledger audit,direct,V4_DIRECT_FROZEN_LINEAR_PORTFOLIO,risk_on,2012-07-02,risk_on,0.017416625920197524,0.018121885672079063,0.07219239299262603,0.7983193277310925,0.059235645450932406,0.8319327731092437,0.6218487394957983,,,{},8210.TW,2012-07-02,2012-07-03
0.04806146482954145,208000,0,0.01386554621848739,0.1386554621848739,1.0,D-1 estimated accounting; fill-day constraints require ledger audit,direct,V4_DIRECT_FROZEN_LINEAR_PORTFOLIO,risk_on,2012-07-02,risk_on,0.017416625920197524,0.018121885672079063,0.07219239299262603,0.7983193277310925,0.059235645450932406,0.8319327731092437,0.6218487394957983,,,{},8299.TWO,2012-07-02,2012-07-03
0.015327317669180888,469000,0,0.043277310924369754,0.4327731092436975,1.0,D-1 estimated accounting; fill-day constraints require ledger audit,direct,V4_DIRECT_FROZEN_LINEAR_PORTFOLIO,risk_on,2012-07-03,risk_on,0.01703920895408088,0.03506307408910114,0.06451623468747258,0.9243697478991597,0.05670063135244798,0.8991596638655462,0.6974789915966386,,,{},1402.TW,2012-07-03,2012-07-04
0.037719617481478916,232000,0,-0.00042016806722688926,-0.004201680672268893,1.0,D-1 estimated accounting; fill-day constraints require ledger audit,direct,V4_DIRECT_FROZEN_LINEAR_PORTFOLIO,risk_on,2012-07-03,risk_on,0.01703920895408088,0.03506307408910114,0.06451623468747258,0.9243697478991597,0.05670063135244798,0.8991596638655462,0.6974789915966386,,,{},1590.TW,2012-07-03,2012-07-04
0.07915675346085868,1944000,0,0.045798319327731096,0.45798319327731096,1.0,D-1 estimated accounting; fill-day constraints require ledger audit,direct,V4_DIRECT_FROZEN_LINEAR_PORTFOLIO,risk_on,2012-07-03,risk_on,0.01703920895408088,0.03506307408910114,0.06451623468747258,0.9243697478991597,0.05670063135244798,0.8991596638655462,0.6974789915966386,,,{},1785.TWO,2012-07-03,2012-07-04
0.06073050010965501,4553000,0,0.039915966386554626,0.39915966386554624,1.0,D-1 estimated accounting; fill-day constraints require ledger audit,direct,V4_DIRECT_FROZEN_LINEAR_PORTFOLIO,risk_on,2012-07-03,risk_on,0.01703920895408088,0.03506307408910114,0.06451623468747258,0.9243697478991597,0.05670063135244798,0.8991596638655462,0.6974789915966386,,,{},2303.TW,2012-07-03,2012-07-04
0.0,0,-317000,-0.01134453781512605,-0.11344537815126049,1.0,D-1 estimated accounting; fill-day constraints require ledger audit,direct,V4_DIRECT_FROZEN_LINEAR_PORTFOLIO,risk_on,2012-07-03,risk_on,0.01703920895408088,0.03506307408910114,0.06451623468747258,0.9243697478991597,0.05670063135244798,0.8991596638655462,0.6974789915966386,,,{},2308.TW,2012-07-03,2012-07-04
0.007796457567025732,655000,0,0.026470588235294114,0.2647058823529411,1.0,D-1 estimated accounting; fill-day constraints require ledger audit,direct,V4_DIRECT_FROZEN_LINEAR_PORTFOLIO,risk_on,2012-07-03,risk_on,0.01703920895408088,0.03506307408910114,0.06451623468747258,0.9243697478991597,0.05670063135244798,0.8991596638655462,0.6974789915966386,,,{},2313.TW,2012-07-03,2012-07-04
0.011304439222910934,125000,0,0.02983193277310925,0.2983193277310925,1.0,D-1 estimated accounting; fill-day constraints require ledger audit,direct,V4_DIRECT_FROZEN_LINEAR_PORTFOLIO,risk_on,2012-07-03,risk_on,0.01703920895408088,0.03506307408910114,0.06451623468747258,0.9243697478991597,0.05670063135244798,0.8991596638655462,0.6974789915966386,,,{},2317.TW,2012-07-03,2012-07-04
0.06122395800405583,12788000,12788000,0.05,0.5,1.0,D-1 estimated accounting; fill-day constraints require ledger audit,direct,V4_DIRECT_FROZEN_LINEAR_PORTFOLIO,risk_on,2012-07-03,risk_on,0.01703920895408088,0.03506307408910114,0.06451623468747258,0.9243697478991597,0.05670063135244798,0.8991596638655462,0.6974789915966386,,,{},2344.TW,2012-07-03,2012-07-04
0.05692678809308152,3552000,0,0.02226890756302521,0.2226890756302521,1.0,D-1 estimated accounting; fill-day constraints require ledger audit,direct,V4_DIRECT_FROZEN_LINEAR_PORTFOLIO,risk_on,2012-07-03,risk_on,0.01703920895408088,0.03506307408910114,0.06451623468747258,0.9243697478991597,0.05670063135244798,0.8991596638655462,0.6974789915966386,,,{},2603.TW,2012-07-03,2012-07-04
0.06373229390458254,4814000,0,0.02815126050420168,0.2815126050420168,1.0,D-1 estimated accounting; fill-day constraints require ledger audit,direct,V4_DIRECT_FROZEN_LINEAR_PORTFOLIO,risk_on,2012-07-03,risk_on,0.01703920895408088,0.03506307408910114,0.06451623468747258,0.9243697478991597,0.05670063135244798,0.8991596638655462,0.6974789915966386,,,{},2609.TW,2012-07-03,2012-07-04
0.06934049609844797,4644000,0,0.046638655462184875,0.46638655462184875,1.0,D-1 estimated accounting; fill-day constraints require ledger audit,direct,V4_DIRECT_FROZEN_LINEAR_PORTFOLIO,risk_on,2012-07-03,risk_on,0.01703920895408088,0.03506307408910114,0.06451623468747258,0.9243697478991597,0.05670063135244798,0.8991596638655462,0.6974789915966386,,,{},2615.TW,2012-07-03,2012-07-04
0.004209503339095725,448000,0,0.010504201680672266,0.10504201680672265,1.0,D-1 estimated accounting; fill-day constraints require ledger audit,direct,V4_DIRECT_FROZEN_LINEAR_PORTFOLIO,risk_on,2012-07-03,risk_on,0.01703920895408088,0.03506307408910114,0.06451623468747258,0.9243697478991597,0.05670063135244798,0.8991596638655462,0.6974789915966386,,,{},2812.TW,2012-07-03,2012-07-04
0.026078192455050817,2268000,0,0.03823529411764706,0.38235294117647056,1.0,D-1 estimated accounting; fill-day constraints require ledger audit,direct,V4_DIRECT_FROZEN_LINEAR_PORTFOLIO,risk_on,2012-07-03,risk_on,0.01703920895408088,0.03506307408910114,0.06451623468747258,0.9243697478991597,0.05670063135244798,0.8991596638655462,0.6974789915966386,,,{},2890.TW,2012-07-03,2012-07-04
0.05861358330983028,97000,0,-0.009663865546218488,-0.09663865546218486,1.0,D-1 estimated accounting; fill-day constraints require ledger audit,direct,V4_DIRECT_FROZEN_LINEAR_PORTFOLIO,risk_on,2012-07-03,risk_on,0.01703920895408088,0.03506307408910114,0.06451623468747258,0.9243697478991597,0.05670063135244798,0.8991596638655462,0.6974789915966386,,,{},3008.TW,2012-07-03,2012-07-04
0.021652613112072467,646000,0,0.002941176470588236,0.02941176470588236,1.0,D-1 estimated accounting; fill-day constraints require ledger audit,direct,V4_DIRECT_FROZEN_LINEAR_PORTFOLIO,risk_on,2012-07-03,risk_on,0.01703920895408088,0.03506307408910114,0.06451623468747258,0.9243697478991597,0.05670063135244798,0.8991596638655462,0.6974789915966386,,,{},3037.TW,2012-07-03,2012-07-04
0.0369241189849535,365000,0,0.040756302521008404,0.40756302521008403,1.0,D-1 estimated accounting; fill-day constraints require ledger audit,direct,V4_DIRECT_FROZEN_LINEAR_PORTFOLIO,risk_on,2012-07-03,risk_on,0.01703920895408088,0.03506307408910114,0.06451623468747258,0.9243697478991597,0.05670063135244798,0.8991596638655462,0.6974789915966386,,,{},3045.TW,2012-07-03,2012-07-04
0.01907479488431092,126000,0,0.04411764705882353,0.4411764705882353,1.0,D-1 estimated accounting; fill-day constraints require ledger audit,direct,V4_DIRECT_FROZEN_LINEAR_PORTFOLIO,risk_on,2012-07-03,risk_on,0.01703920895408088,0.03506307408910114,0.06451623468747258,0.9243697478991597,0.05670063135244798,0.8991596638655462,0.6974789915966386,,,{},3293.TWO,2012-07-03,2012-07-04
0.0773745830255556,1875000,0,0.049159663865546224,0.4915966386554622,1.0,D-1 estimated accounting; fill-day constraints require ledger audit,direct,V4_DIRECT_FROZEN_LINEAR_PORTFOLIO,risk_on,2012-07-03,risk_on,0.01703920895408088,0.03506307408910114,0.06451623468747258,0.9243697478991597,0.05670063135244798,0.8991596638655462,0.6974789915966386,,,{},3491.TWO,2012-07-03,2012-07-04
0.04514171549641754,499000,0,0.04831932773109243,0.4831932773109243,1.0,D-1 estimated accounting; fill-day constraints require ledger audit,direct,V4_DIRECT_FROZEN_LINEAR_PORTFOLIO,risk_on,2012-07-03,risk_on,0.01703920895408088,0.03506307408910114,0.06451623468747258,0.9243697478991597,0.05670063135244798,0.8991596638655462,0.6974789915966386,,,{},3653.TW,2012-07-03,2012-07-04
0.072799682866886,1417000,0,0.04495798319327731,0.44957983193277307,1.0,D-1 estimated accounting; fill-day constraints require ledger audit,direct,V4_DIRECT_FROZEN_LINEAR_PORTFOLIO,risk_on,2012-07-03,risk_on,0.01703920895408088,0.03506307408910114,0.06451623468747258,0.9243697478991597,0.05670063135244798,0.8991596638655462,0.6974789915966386,,,{},8046.TW,2012-07-03,2012-07-04
0.05479519052650828,1638000,0,0.042436974789915975,0.4243697478991597,1.0,D-1 estimated accounting; fill-day constraints require ledger audit,direct,V4_DIRECT_FROZEN_LINEAR_PORTFOLIO,risk_on,2012-07-03,risk_on,0.01703920895408088,0.03506307408910114,0.06451623468747258,0.9243697478991597,0.05670063135244798,0.8991596638655462,0.6974789915966386,,,{},8069.TWO,2012-07-03,2012-07-04
0.0326152890616091,969000,0,0.027310924369747903,0.273109243697479,1.0,D-1 estimated accounting; fill-day constraints require ledger audit,direct,V4_DIRECT_FROZEN_LINEAR_PORTFOLIO,risk_on,2012-07-03,risk_on,0.01703920895408088,0.03506307408910114,0.06451623468747258,0.9243697478991597,0.05670063135244798,0.8991596638655462,0.6974789915966386,,,{},8210.TW,2012-07-03,2012-07-04
0.04918255921996279,208000,0,0.03571428571428571,0.3571428571428571,1.0,D-1 estimated accounting; fill-day constraints require ledger audit,direct,V4_DIRECT_FROZEN_LINEAR_PORTFOLIO,risk_on,2012-07-03,risk_on,0.01703920895408088,0.03506307408910114,0.06451623468747258,0.9243697478991597,0.05670063135244798,0.8991596638655462,0.6974789915966386,,,{},8299.TWO,2012-07-03,2012-07-04
0.01509486394021187,469000,0,0.028333333333333335,0.2833333333333333,1.0,D-1 estimated accounting; fill-day constraints require ledger audit,direct,V4_DIRECT_FROZEN_LINEAR_PORTFOLIO,risk_on,2012-07-04,risk_on,0.017290589538502606,0.039518879274663576,0.06202182608341367,0.9083333333333333,0.05733811421989696,0.9,0.75,,,{},1402.TW,2012-07-04,2012-07-05
0.037605464674840924,232000,0,-0.009166666666666668,-0.09166666666666667,1.0,D-1 estimated accounting; fill-day constraints require ledger audit,direct,V4_DIRECT_FROZEN_LINEAR_PORTFOLIO,risk_on,2012-07-04,risk_on,0.017290589538502606,0.039518879274663576,0.06202182608341367,0.9083333333333333,0.05733811421989696,0.9,0.75,,,{},1590.TW,2012-07-04,2012-07-05
0.07877204109477082,1944000,0,0.04000000000000001,0.4,1.0,D-1 estimated accounting; fill-day constraints require ledger audit,direct,V4_DIRECT_FROZEN_LINEAR_PORTFOLIO,risk_on,2012-07-04,risk_on,0.017290589538502606,0.039518879274663576,0.06202182608341367,0.9083333333333333,0.05733811421989696,0.9,0.75,,,{},1785.TWO,2012-07-04,2012-07-05
0.05946063150409848,4553000,0,0.015000000000000003,0.15000000000000002,1.0,D-1 estimated accounting; fill-day constraints require ledger audit,direct,V4_DIRECT_FROZEN_LINEAR_PORTFOLIO,risk_on,2012-07-04,risk_on,0.017290589538502606,0.039518879274663576,0.06202182608341367,0.9083333333333333,0.05733811421989696,0.9,0.75,,,{},2303.TW,2012-07-04,2012-07-05
0.008267860226972276,655000,0,0.05,0.5,1.0,D-1 estimated accounting; fill-day constraints require ledger audit,direct,V4_DIRECT_FROZEN_LINEAR_PORTFOLIO,risk_on,2012-07-04,risk_on,0.017290589538502606,0.039518879274663576,0.06202182608341367,0.9083333333333333,0.05733811421989696,0.9,0.75,,,{},2313.TW,2012-07-04,2012-07-05
0.011421990599078316,125000,0,0.030833333333333338,0.30833333333333335,1.0,D-1 estimated accounting; fill-day constraints require ledger audit,direct,V4_DIRECT_FROZEN_LINEAR_PORTFOLIO,risk_on,2012-07-04,risk_on,0.017290589538502606,0.039518879274663576,0.06202182608341367,0.9083333333333333,0.05733811421989696,0.9,0.75,,,{},2317.TW,2012-07-04,2012-07-05
0.05946038418921456,12788000,0,0.032499999999999994,0.32499999999999996,1.0,D-1 estimated accounting; fill-day constraints require ledger audit,direct,V4_DIRECT_FROZEN_LINEAR_PORTFOLIO,risk_on,2012-07-04,risk_on,0.017290589538502606,0.039518879274663576,0.06202182608341367,0.9083333333333333,0.05733811421989696,0.9,0.75,,,{},2344.TW,2012-07-04,2012-07-05
0.05728381535878912,3552000,0,0.0225,0.22499999999999998,1.0,D-1 estimated accounting; fill-day constraints require ledger audit,direct,V4_DIRECT_FROZEN_LINEAR_PORTFOLIO,risk_on,2012-07-04,risk_on,0.017290589538502606,0.039518879274663576,0.06202182608341367,0.9083333333333333,0.05733811421989696,0.9,0.75,,,{},2603.TW,2012-07-04,2012-07-05
0.06453580496856119,4814000,0,0.03166666666666667,0.31666666666666665,1.0,D-1 estimated accounting; fill-day constraints require ledger audit,direct,V4_DIRECT_FROZEN_LINEAR_PORTFOLIO,risk_on,2012-07-04,risk_on,0.017290589538502606,0.039518879274663576,0.06202182608341367,0.9083333333333333,0.05733811421989696,0.9,0.75,,,{},2609.TW,2012-07-04,2012-07-05
0.06960843108971951,4644000,0,0.043333333333333335,0.43333333333333335,1.0,D-1 estimated accounting; fill-day constraints require ledger audit,direct,V4_DIRECT_FROZEN_LINEAR_PORTFOLIO,risk_on,2012-07-04,risk_on,0.017290589538502606,0.039518879274663576,0.06202182608341367,0.9083333333333333,0.05733811421989696,0.9,0.75,,,{},2615.TW,2012-07-04,2012-07-05
0.004183929763568757,448000,0,-0.0025000000000000022,-0.025000000000000022,1.0,D-1 estimated accounting; fill-day constraints require ledger audit,direct,V4_DIRECT_FROZEN_LINEAR_PORTFOLIO,risk_on,2012-07-04,risk_on,0.017290589538502606,0.039518879274663576,0.06202182608341367,0.9083333333333333,0.05733811421989696,0.9,0.75,,,{},2812.TW,2012-07-04,2012-07-05
0.02648079602921428,2268000,0,0.04250000000000001,0.42500000000000004,1.0,D-1 estimated accounting; fill-day constraints require ledger audit,direct,V4_DIRECT_FROZEN_LINEAR_PORTFOLIO,risk_on,2012-07-04,risk_on,0.017290589538502606,0.039518879274663576,0.06202182608341367,0.9083333333333333,0.05733811421989696,0.9,0.75,,,{},2890.TW,2012-07-04,2012-07-05
0.0,0,-97000,-0.015833333333333335,-0.15833333333333333,1.0,D-1 estimated accounting; fill-day constraints require ledger audit,direct,V4_DIRECT_FROZEN_LINEAR_PORTFOLIO,risk_on,2012-07-04,risk_on,0.017290589538502606,0.039518879274663576,0.06202182608341367,0.9083333333333333,0.05733811421989696,0.9,0.75,,,{},3008.TW,2012-07-04,2012-07-05
0.022384470143828564,646000,0,0.03833333333333333,0.3833333333333333,1.0,D-1 estimated accounting; fill-day constraints require ledger audit,direct,V4_DIRECT_FROZEN_LINEAR_PORTFOLIO,risk_on,2012-07-04,risk_on,0.017290589538502606,0.039518879274663576,0.06202182608341367,0.9083333333333333,0.05733811421989696,0.9,0.75,,,{},3037.TW,2012-07-04,2012-07-05
0.036157436029474486,365000,0,0.017500000000000005,0.17500000000000004,1.0,D-1 estimated accounting; fill-day constraints require ledger audit,direct,V4_DIRECT_FROZEN_LINEAR_PORTFOLIO,risk_on,2012-07-04,risk_on,0.017290589538502606,0.039518879274663576,0.06202182608341367,0.9083333333333333,0.05733811421989696,0.9,0.75,,,{},3045.TW,2012-07-04,2012-07-05
0.01939690634604435,126000,0,0.0475,0.475,1.0,D-1 estimated accounting; fill-day constraints require ledger audit,direct,V4_DIRECT_FROZEN_LINEAR_PORTFOLIO,risk_on,2012-07-04,risk_on,0.017290589538502606,0.039518879274663576,0.06202182608341367,0.9083333333333333,0.05733811421989696,0.9,0.75,,,{},3293.TWO,2012-07-04,2012-07-05
0.07681174913033563,1875000,0,0.04583333333333334,0.45833333333333337,1.0,D-1 estimated accounting; fill-day constraints require ledger audit,direct,V4_DIRECT_FROZEN_LINEAR_PORTFOLIO,risk_on,2012-07-04,risk_on,0.017290589538502606,0.039518879274663576,0.06202182608341367,0.9083333333333333,0.05733811421989696,0.9,0.75,,,{},3491.TWO,2012-07-04,2012-07-05
0.045213365134065917,499000,0,0.04666666666666667,0.4666666666666667,1.0,D-1 estimated accounting; fill-day constraints require ledger audit,direct,V4_DIRECT_FROZEN_LINEAR_PORTFOLIO,risk_on,2012-07-04,risk_on,0.017290589538502606,0.039518879274663576,0.06202182608341367,0.9083333333333333,0.05733811421989696,0.9,0.75,,,{},3653.TW,2012-07-04,2012-07-05
0.03615174778714427,575000,575000,0.04916666666666667,0.4916666666666667,1.0,D-1 estimated accounting; fill-day constraints require ledger audit,direct,V4_DIRECT_FROZEN_LINEAR_PORTFOLIO,risk_on,2012-07-04,risk_on,0.017290589538502606,0.039518879274663576,0.06202182608341367,0.9083333333333333,0.05733811421989696,0.9,0.75,,,{},6239.TW,2012-07-04,2012-07-05
0.07249763775816773,1417000,0,0.039166666666666676,0.3916666666666667,1.0,D-1 estimated accounting; fill-day constraints require ledger audit,direct,V4_DIRECT_FROZEN_LINEAR_PORTFOLIO,risk_on,2012-07-04,risk_on,0.017290589538502606,0.039518879274663576,0.06202182608341367,0.9083333333333333,0.05733811421989696,0.9,0.75,,,{},8046.TW,2012-07-04,2012-07-05
0.05567797508599171,1638000,0,0.045,0.44999999999999996,1.0,D-1 estimated accounting; fill-day constraints require ledger audit,direct,V4_DIRECT_FROZEN_LINEAR_PORTFOLIO,risk_on,2012-07-04,risk_on,0.017290589538502606,0.039518879274663576,0.06202182608341367,0.9083333333333333,0.05733811421989696,0.9,0.75,,,{},8069.TWO,2012-07-04,2012-07-05
0.03318441434686492,969000,0,0.034999999999999996,0.35,1.0,D-1 estimated accounting; fill-day constraints require ledger audit,direct,V4_DIRECT_FROZEN_LINEAR_PORTFOLIO,risk_on,2012-07-04,risk_on,0.017290589538502606,0.039518879274663576,0.06202182608341367,0.9083333333333333,0.05733811421989696,0.9,0.75,,,{},8210.TW,2012-07-04,2012-07-05
0.04909002593955164,208000,0,0.027500000000000004,0.275,1.0,D-1 estimated accounting; fill-day constraints require ledger audit,direct,V4_DIRECT_FROZEN_LINEAR_PORTFOLIO,risk_on,2012-07-04,risk_on,0.017290589538502606,0.039518879274663576,0.06202182608341367,0.9083333333333333,0.05733811421989696,0.9,0.75,,,{},8299.TWO,2012-07-04,2012-07-05
0.01508046841811383,469000,0,0.029166666666666664,0.29166666666666663,1.0,D-1 estimated accounting; fill-day constraints require ledger audit,direct,V4_DIRECT_FROZEN_LINEAR_PORTFOLIO,risk_on,2012-07-05,risk_on,0.01708329372569376,0.03928178546249195,0.053986226584866626,0.95,0.05356001488913631,0.9083333333333333,0.7333333333333333,,,{},1402.TW,2012-07-05,2012-07-06
0.0,0,-232000,-0.0075000000000000015,-0.07500000000000001,1.0,D-1 estimated accounting; fill-day constraints require ledger audit,direct,V4_DIRECT_FROZEN_LINEAR_PORTFOLIO,risk_on,2012-07-05,risk_on,0.01708329372569376,0.03928178546249195,0.053986226584866626,0.95,0.05356001488913631,0.9083333333333333,0.7333333333333333,,,{},1590.TW,2012-07-05,2012-07-06
0.07929936273337504,1944000,0,0.04416666666666667,0.44166666666666665,1.0,D-1 estimated accounting; fill-day constraints require ledger audit,direct,V4_DIRECT_FROZEN_LINEAR_PORTFOLIO,risk_on,2012-07-05,risk_on,0.01708329372569376,0.03928178546249195,0.053986226584866626,0.95,0.05356001488913631,0.9083333333333333,0.7333333333333333,,,{},1785.TWO,2012-07-05,2012-07-06
0.05594146518453433,1993000,1993000,0.04916666666666667,0.4916666666666667,1.0,D-1 estimated accounting; fill-day constraints require ledger audit,direct,V4_DIRECT_FROZEN_LINEAR_PORTFOLIO,risk_on,2012-07-05,risk_on,0.01708329372569376,0.03928178546249195,0.053986226584866626,0.95,0.05356001488913631,0.9083333333333333,0.7333333333333333,,,{},1802.TW,2012-07-05,2012-07-06
0.059270095563469606,4553000,0,0.01166666666666667,0.1166666666666667,1.0,D-1 estimated accounting; fill-day constraints require ledger audit,direct,V4_DIRECT_FROZEN_LINEAR_PORTFOLIO,risk_on,2012-07-05,risk_on,0.01708329372569376,0.03928178546249195,0.053986226584866626,0.95,0.05356001488913631,0.9083333333333333,0.7333333333333333,,,{},2303.TW,2012-07-05,2012-07-06
0.008272702649800453,655000,0,0.04833333333333333,0.4833333333333333,1.0,D-1 estimated accounting; fill-day constraints require ledger audit,direct,V4_DIRECT_FROZEN_LINEAR_PORTFOLIO,risk_on,2012-07-05,risk_on,0.01708329372569376,0.03928178546249195,0.053986226584866626,0.95,0.05356001488913631,0.9083333333333333,0.7333333333333333,,,{},2313.TW,2012-07-05,2012-07-06
0.011354145500075208,125000,0,0.02333333333333333,0.23333333333333328,1.0,D-1 estimated accounting; fill-day constraints require ledger audit,direct,V4_DIRECT_FROZEN_LINEAR_PORTFOLIO,risk_on,2012-07-05,risk_on,0.01708329372569376,0.03928178546249195,0.053986226584866626,0.95,0.05356001488913631,0.9083333333333333,0.7333333333333333,,,{},2317.TW,2012-07-05,2012-07-06
0.05962179523634325,12788000,0,0.034999999999999996,0.35,1.0,D-1 estimated accounting; fill-day constraints require ledger audit,direct,V4_DIRECT_FROZEN_LINEAR_PORTFOLIO,risk_on,2012-07-05,risk_on,0.01708329372569376,0.03928178546249195,0.053986226584866626,0.95,0.05356001488913631,0.9083333333333333,0.7333333333333333,,,{},2344.TW,2012-07-05,2012-07-06
0.05802064661867047,3552000,0,0.037500000000000006,0.375,1.0,D-1 estimated accounting; fill-day constraints require ledger audit,direct,V4_DIRECT_FROZEN_LINEAR_PORTFOLIO,risk_on,2012-07-05,risk_on,0.01708329372569376,0.03928178546249195,0.053986226584866626,0.95,0.05356001488913631,0.9083333333333333,0.7333333333333333,,,{},2603.TW,2012-07-05,2012-07-06
0.06457360309850478,4814000,0,0.03166666666666667,0.31666666666666665,1.0,D-1 estimated accounting; fill-day constraints require ledger audit,direct,V4_DIRECT_FROZEN_LINEAR_PORTFOLIO,risk_on,2012-07-05,risk_on,0.01708329372569376,0.03928178546249195,0.053986226584866626,0.95,0.05356001488913631,0.9083333333333333,0.7333333333333333,,,{},2609.TW,2012-07-05,2012-07-06
0.06964920021818673,4644000,0,0.04583333333333334,0.45833333333333337,1.0,D-1 estimated accounting; fill-day constraints require ledger audit,direct,V4_DIRECT_FROZEN_LINEAR_PORTFOLIO,risk_on,2012-07-05,risk_on,0.01708329372569376,0.03928178546249195,0.053986226584866626,0.95,0.05356001488913631,0.9083333333333333,0.7333333333333333,,,{},2615.TW,2012-07-05,2012-07-06
0.0041819408317629045,448000,0,0.001666666666666672,0.01666666666666672,1.0,D-1 estimated accounting; fill-day constraints require ledger audit,direct,V4_DIRECT_FROZEN_LINEAR_PORTFOLIO,risk_on,2012-07-05,risk_on,0.01708329372569376,0.03928178546249195,0.053986226584866626,0.95,0.05356001488913631,0.9083333333333333,0.7333333333333333,,,{},2812.TW,2012-07-05,2012-07-06
0.026047215704035415,2268000,0,0.032499999999999994,0.32499999999999996,1.0,D-1 estimated accounting; fill-day constraints require ledger audit,direct,V4_DIRECT_FROZEN_LINEAR_PORTFOLIO,risk_on,2012-07-05,risk_on,0.01708329372569376,0.03928178546249195,0.053986226584866626,0.95,0.05356001488913631,0.9083333333333333,0.7333333333333333,,,{},2890.TW,2012-07-05,2012-07-06
0.02182164277190869,646000,0,0.008333333333333337,0.08333333333333337,1.0,D-1 estimated accounting; fill-day constraints require ledger audit,direct,V4_DIRECT_FROZEN_LINEAR_PORTFOLIO,risk_on,2012-07-05,risk_on,0.01708329372569376,0.03928178546249195,0.053986226584866626,0.95,0.05356001488913631,0.9083333333333333,0.7333333333333333,,,{},3037.TW,2012-07-05,2012-07-06
0.036178613164649834,365000,0,0.017500000000000005,0.17500000000000004,1.0,D-1 estimated accounting; fill-day constraints require ledger audit,direct,V4_DIRECT_FROZEN_LINEAR_PORTFOLIO,risk_on,2012-07-05,risk_on,0.01708329372569376,0.03928178546249195,0.053986226584866626,0.95,0.05356001488913631,0.9083333333333333,0.7333333333333333,,,{},3045.TW,2012-07-05,2012-07-06
0.01878219383855624,126000,0,0.025833333333333333,0.2583333333333333,1.0,D-1 estimated accounting; fill-day constraints require ledger audit,direct,V4_DIRECT_FROZEN_LINEAR_PORTFOLIO,risk_on,2012-07-05,risk_on,0.01708329372569376,0.03928178546249195,0.053986226584866626,0.95,0.05356001488913631,0.9083333333333333,0.7333333333333333,,,{},3293.TWO,2012-07-05,2012-07-06
0.07982704587094207,1875000,0,0.05,0.5,1.0,D-1 estimated accounting; fill-day constraints require ledger audit,direct,V4_DIRECT_FROZEN_LINEAR_PORTFOLIO,risk_on,2012-07-05,risk_on,0.01708329372569376,0.03928178546249195,0.053986226584866626,0.95,0.05356001488913631,0.9083333333333333,0.7333333333333333,,,{},3491.TWO,2012-07-05,2012-07-06
0.04459709434396667,499000,0,0.04000000000000001,0.4,1.0,D-1 estimated accounting; fill-day constraints require ledger audit,direct,V4_DIRECT_FROZEN_LINEAR_PORTFOLIO,risk_on,2012-07-05,risk_on,0.01708329372569376,0.03928178546249195,0.053986226584866626,0.95,0.05356001488913631,0.9083333333333333,0.7333333333333333,,,{},3653.TW,2012-07-05,2012-07-06
0.03611595635990777,575000,0,0.0475,0.475,1.0,D-1 estimated accounting; fill-day constraints require ledger audit,direct,V4_DIRECT_FROZEN_LINEAR_PORTFOLIO,risk_on,2012-07-05,risk_on,0.01708329372569376,0.03928178546249195,0.053986226584866626,0.95,0.05356001488913631,0.9083333333333333,0.7333333333333333,,,{},6239.TW,2012-07-05,2012-07-06
0.07155793138728996,1417000,0,0.028333333333333335,0.2833333333333333,1.0,D-1 estimated accounting; fill-day constraints require ledger audit,direct,V4_DIRECT_FROZEN_LINEAR_PORTFOLIO,risk_on,2012-07-05,risk_on,0.01708329372569376,0.03928178546249195,0.053986226584866626,0.95,0.05356001488913631,0.9083333333333333,0.7333333333333333,,,{},8046.TW,2012-07-05,2012-07-06
0.05530512247760617,1638000,0,0.043333333333333335,0.43333333333333335,1.0,D-1 estimated accounting; fill-day constraints require ledger audit,direct,V4_DIRECT_FROZEN_LINEAR_PORTFOLIO,risk_on,2012-07-05,risk_on,0.01708329372569376,0.03928178546249195,0.053986226584866626,0.95,0.05356001488913631,0.9083333333333333,0.7333333333333333,,,{},8069.TWO,2012-07-05,2012-07-06
0.03281999066590911,969000,0,0.0225,0.22499999999999998,1.0,D-1 estimated accounting; fill-day constraints require ledger audit,direct,V4_DIRECT_FROZEN_LINEAR_PORTFOLIO,risk_on,2012-07-05,risk_on,0.01708329372569376,0.03928178546249195,0.053986226584866626,0.95,0.05356001488913631,0.9083333333333333,0.7333333333333333,,,{},8210.TW,2012-07-05,2012-07-06
0.04911877759423854,208000,0,0.030000000000000006,0.30000000000000004,1.0,D-1 estimated accounting; fill-day constraints require ledger audit,direct,V4_DIRECT_FROZEN_LINEAR_PORTFOLIO,risk_on,2012-07-05,risk_on,0.01708329372569376,0.03928178546249195,0.053986226584866626,0.95,0.05356001488913631,0.9083333333333333,0.7333333333333333,,,{},8299.TWO,2012-07-05,2012-07-06
0.015154955237869945,469000,0,0.03333333333333334,0.33333333333333337,1.0,D-1 estimated accounting; fill-day constraints require ledger audit,direct,V4_DIRECT_FROZEN_LINEAR_PORTFOLIO,risk_on,2012-07-06,risk_on,0.016879541727485375,0.01731049699542786,0.057683718069122425,0.8083333333333333,0.05487263649541033,0.85,0.6833333333333333,,,{},1402.TW,2012-07-06,2012-07-09
0.07869937093448368,1944000,0,0.036666666666666674,0.3666666666666667,1.0,D-1 estimated accounting; fill-day constraints require ledger audit,direct,V4_DIRECT_FROZEN_LINEAR_PORTFOLIO,risk_on,2012-07-06,risk_on,0.016879541727485375,0.01731049699542786,0.057683718069122425,0.8083333333333333,0.05487263649541033,0.85,0.6833333333333333,,,{},1785.TWO,2012-07-06,2012-07-09
0.05464633277042661,1993000,0,0.04416666666666667,0.44166666666666665,1.0,D-1 estimated accounting; fill-day constraints require ledger audit,direct,V4_DIRECT_FROZEN_LINEAR_PORTFOLIO,risk_on,2012-07-06,risk_on,0.016879541727485375,0.01731049699542786,0.057683718069122425,0.8083333333333333,0.05487263649541033,0.85,0.6833333333333333,,,{},1802.TW,2012-07-06,2012-07-09
0.05879283380246287,4553000,0,-0.004166666666666668,-0.041666666666666685,1.0,D-1 estimated accounting; fill-day constraints require ledger audit,direct,V4_DIRECT_FROZEN_LINEAR_PORTFOLIO,risk_on,2012-07-06,risk_on,0.016879541727485375,0.01731049699542786,0.057683718069122425,0.8083333333333333,0.05487263649541033,0.85,0.6833333333333333,,,{},2303.TW,2012-07-06,2012-07-09
0.008203117673213025,655000,0,0.04666666666666667,0.4666666666666667,1.0,D-1 estimated accounting; fill-day constraints require ledger audit,direct,V4_DIRECT_FROZEN_LINEAR_PORTFOLIO,risk_on,2012-07-06,risk_on,0.016879541727485375,0.01731049699542786,0.057683718069122425,0.8083333333333333,0.05487263649541033,0.85,0.6833333333333333,,,{},2313.TW,2012-07-06,2012-07-09
0.011392672731844664,125000,0,0.030000000000000006,0.30000000000000004,1.0,D-1 estimated accounting; fill-day constraints require ledger audit,direct,V4_DIRECT_FROZEN_LINEAR_PORTFOLIO,risk_on,2012-07-06,risk_on,0.016879541727485375,0.01731049699542786,0.057683718069122425,0.8083333333333333,0.05487263649541033,0.85,0.6833333333333333,,,{},2317.TW,2012-07-06,2012-07-09
0.05906201520613904,12788000,0,0.027500000000000004,0.275,1.0,D-1 estimated accounting; fill-day constraints require ledger audit,direct,V4_DIRECT_FROZEN_LINEAR_PORTFOLIO,risk_on,2012-07-06,risk_on,0.016879541727485375,0.01731049699542786,0.057683718069122425,0.8083333333333333,0.05487263649541033,0.85,0.6833333333333333,,,{},2344.TW,2012-07-06,2012-07-09
0.04015746556272149,2695000,2695000,0.04833333333333333,0.4833333333333333,1.0,D-1 estimated accounting; fill-day constraints require ledger audit,direct,V4_DIRECT_FROZEN_LINEAR_PORTFOLIO,risk_on,2012-07-06,risk_on,0.016879541727485375,0.01731049699542786,0.057683718069122425,0.8083333333333333,0.05487263649541033,0.85,0.6833333333333333,,,{},2449.TW,2012-07-06,2012-07-09
0.057864690562040855,3552000,0,0.032499999999999994,0.32499999999999996,1.0,D-1 estimated accounting; fill-day constraints require ledger audit,direct,V4_DIRECT_FROZEN_LINEAR_PORTFOLIO,risk_on,2012-07-06,risk_on,0.016879541727485375,0.01731049699542786,0.057683718069122425,0.8083333333333333,0.05487263649541033,0.85,0.6833333333333333,,,{},2603.TW,2012-07-06,2012-07-09
0.06431454118470709,4814000,0,0.028333333333333335,0.2833333333333333,1.0,D-1 estimated accounting; fill-day constraints require ledger audit,direct,V4_DIRECT_FROZEN_LINEAR_PORTFOLIO,risk_on,2012-07-06,risk_on,0.016879541727485375,0.01731049699542786,0.057683718069122425,0.8083333333333333,0.05487263649541033,0.85,0.6833333333333333,,,{},2609.TW,2012-07-06,2012-07-09
0.07057747200229314,4644000,0,0.0475,0.475,1.0,D-1 estimated accounting; fill-day constraints require ledger audit,direct,V4_DIRECT_FROZEN_LINEAR_PORTFOLIO,risk_on,2012-07-06,risk_on,0.016879541727485375,0.01731049699542786,0.057683718069122425,0.8083333333333333,0.05487263649541033,0.85,0.6833333333333333,,,{},2615.TW,2012-07-06,2012-07-09
0.004151586204204219,448000,0,-0.013333333333333336,-0.13333333333333336,1.0,D-1 estimated accounting; fill-day constraints require ledger audit,direct,V4_DIRECT_FROZEN_LINEAR_PORTFOLIO,risk_on,2012-07-06,risk_on,0.016879541727485375,0.01731049699542786,0.057683718069122425,0.8083333333333333,0.05487263649541033,0.85,0.6833333333333333,,,{},2812.TW,2012-07-06,2012-07-09
0.026473560252053323,2268000,0,0.041666666666666664,0.41666666666666663,1.0,D-1 estimated accounting; fill-day constraints require ledger audit,direct,V4_DIRECT_FROZEN_LINEAR_PORTFOLIO,risk_on,2012-07-06,risk_on,0.016879541727485375,0.01731049699542786,0.057683718069122425,0.8083333333333333,0.05487263649541033,0.85,0.6833333333333333,,,{},2890.TW,2012-07-06,2012-07-09
0.02163884771132854,646000,0,-0.006666666666666665,-0.06666666666666665,1.0,D-1 estimated accounting; fill-day constraints require ledger audit,direct,V4_DIRECT_FROZEN_LINEAR_PORTFOLIO,risk_on,2012-07-06,risk_on,0.016879541727485375,0.01731049699542786,0.057683718069122425,0.8083333333333333,0.05487263649541033,0.85,0.6833333333333333,,,{},3037.TW,2012-07-06,2012-07-09
0.03630137553496495,365000,0,0.02333333333333333,0.23333333333333328,1.0,D-1 estimated accounting; fill-day constraints require ledger audit,direct,V4_DIRECT_FROZEN_LINEAR_PORTFOLIO,risk_on,2012-07-06,risk_on,0.016879541727485375,0.01731049699542786,0.057683718069122425,0.8083333333333333,0.05487263649541033,0.85,0.6833333333333333,,,{},3045.TW,2012-07-06,2012-07-09
0.0,0,-126000,-0.0325,-0.325,1.0,D-1 estimated accounting; fill-day constraints require ledger audit,direct,V4_DIRECT_FROZEN_LINEAR_PORTFOLIO,risk_on,2012-07-06,risk_on,0.016879541727485375,0.01731049699542786,0.057683718069122425,0.8083333333333333,0.05487263649541033,0.85,0.6833333333333333,,,{},3293.TWO,2012-07-06,2012-07-09
0.08363712773544793,1875000,0,0.05,0.5,1.0,D-1 estimated accounting; fill-day constraints require ledger audit,direct,V4_DIRECT_FROZEN_LINEAR_PORTFOLIO,risk_on,2012-07-06,risk_on,0.016879541727485375,0.01731049699542786,0.057683718069122425,0.8083333333333333,0.05487263649541033,0.85,0.6833333333333333,,,{},3491.TWO,2012-07-06,2012-07-09
0.04435154076406349,499000,0,0.03583333333333333,0.3583333333333333,1.0,D-1 estimated accounting; fill-day constraints require ledger audit,direct,V4_DIRECT_FROZEN_LINEAR_PORTFOLIO,risk_on,2012-07-06,risk_on,0.016879541727485375,0.01731049699542786,0.057683718069122425,0.8083333333333333,0.05487263649541033,0.85,0.6833333333333333,,,{},3653.TW,2012-07-06,2012-07-09
0.03640998170226313,575000,0,0.04916666666666667,0.4916666666666667,1.0,D-1 estimated accounting; fill-day constraints require ledger audit,direct,V4_DIRECT_FROZEN_LINEAR_PORTFOLIO,risk_on,2012-07-06,risk_on,0.016879541727485375,0.01731049699542786,0.057683718069122425,0.8083333333333333,0.05487263649541033,0.85,0.6833333333333333,,,{},6239.TW,2012-07-06,2012-07-09
0.07109681507390006,1417000,0,0.019166666666666665,0.19166666666666665,1.0,D-1 estimated accounting; fill-day constraints require ledger audit,direct,V4_DIRECT_FROZEN_LINEAR_PORTFOLIO,risk_on,2012-07-06,risk_on,0.016879541727485375,0.01731049699542786,0.057683718069122425,0.8083333333333333,0.05487263649541033,0.85,0.6833333333333333,,,{},8046.TW,2012-07-06,2012-07-09
0.05614372726633058,1638000,0,0.04583333333333334,0.45833333333333337,1.0,D-1 estimated accounting; fill-day constraints require ledger audit,direct,V4_DIRECT_FROZEN_LINEAR_PORTFOLIO,risk_on,2012-07-06,risk_on,0.016879541727485375,0.01731049699542786,0.057683718069122425,0.8083333333333333,0.05487263649541033,0.85,0.6833333333333333,,,{},8069.TWO,2012-07-06,2012-07-09
0.03264248490837031,969000,0,0.016666666666666663,0.16666666666666663,1.0,D-1 estimated accounting; fill-day constraints require ledger audit,direct,V4_DIRECT_FROZEN_LINEAR_PORTFOLIO,risk_on,2012-07-06,risk_on,0.016879541727485375,0.01731049699542786,0.057683718069122425,0.8083333333333333,0.05487263649541033,0.85,0.6833333333333333,,,{},8210.TW,2012-07-06,2012-07-09
0.048042958614974686,208000,0,-0.0016666666666666663,-0.016666666666666663,1.0,D-1 estimated accounting; fill-day constraints require ledger audit,direct,V4_DIRECT_FROZEN_LINEAR_PORTFOLIO,risk_on,2012-07-06,risk_on,0.016879541727485375,0.01731049699542786,0.057683718069122425,0.8083333333333333,0.05487263649541033,0.85,0.6833333333333333,,,{},8299.TWO,2012-07-06,2012-07-09
0.015154050859930872,469000,0,0.02416666666666667,0.2416666666666667,1.0,D-1 estimated accounting; fill-day constraints require ledger audit,direct,V4_DIRECT_FROZEN_LINEAR_PORTFOLIO,risk_on,2012-07-09,risk_on,0.016412362105264013,0.004782806968644193,0.03930231805045381,0.5916666666666667,0.05254476166971596,0.7833333333333333,0.625,,,{},1402.TW,2012-07-09,2012-07-10
0.0800394269925856,1944000,0,0.04083333333333333,0.4083333333333333,1.0,D-1 estimated accounting; fill-day constraints require ledger audit,direct,V4_DIRECT_FROZEN_LINEAR_PORTFOLIO,risk_on,2012-07-09,risk_on,0.016412362105264013,0.004782806968644193,0.03930231805045381,0.5916666666666667,0.05254476166971596,0.7833333333333333,0.625,,,{},1785.TWO,2012-07-09,2012-07-10
0.05703917910713773,1993000,0,0.04916666666666667,0.4916666666666667,1.0,D-1 estimated accounting; fill-day constraints require ledger audit,direct,V4_DIRECT_FROZEN_LINEAR_PORTFOLIO,risk_on,2012-07-09,risk_on,0.016412362105264013,0.004782806968644193,0.03930231805045381,0.5916666666666667,0.05254476166971596,0.7833333333333333,0.625,,,{},1802.TW,2012-07-09,2012-07-10
0.05622929248815713,4553000,0,-0.0225,-0.22499999999999998,1.0,D-1 estimated accounting; fill-day constraints require ledger audit,direct,V4_DIRECT_FROZEN_LINEAR_PORTFOLIO,risk_on,2012-07-09,risk_on,0.016412362105264013,0.004782806968644193,0.03930231805045381,0.5916666666666667,0.05254476166971596,0.7833333333333333,0.625,,,{},2303.TW,2012-07-09,2012-07-10
0.008423543681535665,655000,0,0.04833333333333333,0.4833333333333333,1.0,D-1 estimated accounting; fill-day constraints require ledger audit,direct,V4_DIRECT_FROZEN_LINEAR_PORTFOLIO,risk_on,2012-07-09,risk_on,0.016412362105264013,0.004782806968644193,0.03930231805045381,0.5916666666666667,0.05254476166971596,0.7833333333333333,0.625,,,{},2313.TW,2012-07-09,2012-07-10
0.0115790093289721,125000,0,0.036666666666666674,0.3666666666666667,1.0,D-1 estimated accounting; fill-day constraints require ledger audit,direct,V4_DIRECT_FROZEN_LINEAR_PORTFOLIO,risk_on,2012-07-09,risk_on,0.016412362105264013,0.004782806968644193,0.03930231805045381,0.5916666666666667,0.05254476166971596,0.7833333333333333,0.625,,,{},2317.TW,2012-07-09,2012-07-10
0.05828913725278742,12788000,0,-0.010833333333333334,-0.10833333333333334,1.0,D-1 estimated accounting; fill-day constraints require ledger audit,direct,V4_DIRECT_FROZEN_LINEAR_PORTFOLIO,risk_on,2012-07-09,risk_on,0.016412362105264013,0.004782806968644193,0.03930231805045381,0.5916666666666667,0.05254476166971596,0.7833333333333333,0.625,,,{},2344.TW,2012-07-09,2012-07-10
0.04059221609264049,2695000,0,0.04583333333333334,0.45833333333333337,1.0,D-1 estimated accounting; fill-day constraints require ledger audit,direct,V4_DIRECT_FROZEN_LINEAR_PORTFOLIO,risk_on,2012-07-09,risk_on,0.016412362105264013,0.004782806968644193,0.03930231805045381,0.5916666666666667,0.05254476166971596,0.7833333333333333,0.625,,,{},2449.TW,2012-07-09,2012-07-10
0.058134488765384705,3552000,0,0.029166666666666664,0.29166666666666663,1.0,D-1 estimated accounting; fill-day constraints require ledger audit,direct,V4_DIRECT_FROZEN_LINEAR_PORTFOLIO,risk_on,2012-07-09,risk_on,0.016412362105264013,0.004782806968644193,0.03930231805045381,0.5916666666666667,0.05254476166971596,0.7833333333333333,0.625,,,{},2603.TW,2012-07-09,2012-07-10
0.06404411607020921,4814000,0,0.01166666666666667,0.1166666666666667,1.0,D-1 estimated accounting; fill-day constraints require ledger audit,direct,V4_DIRECT_FROZEN_LINEAR_PORTFOLIO,risk_on,2012-07-09,risk_on,0.016412362105264013,0.004782806968644193,0.03930231805045381,0.5916666666666667,0.05254476166971596,0.7833333333333333,0.625,,,{},2609.TW,2012-07-09,2012-07-10
0.07180783858754564,4644000,0,0.04666666666666667,0.4666666666666667,1.0,D-1 estimated accounting; fill-day constraints require ledger audit,direct,V4_DIRECT_FROZEN_LINEAR_PORTFOLIO,risk_on,2012-07-09,risk_on,0.016412362105264013,0.004782806968644193,0.03930231805045381,0.5916666666666667,0.05254476166971596,0.7833333333333333,0.625,,,{},2615.TW,2012-07-09,2012-07-10
0.004201034593476401,448000,0,-0.0033333333333333327,-0.033333333333333326,1.0,D-1 estimated accounting; fill-day constraints require ledger audit,direct,V4_DIRECT_FROZEN_LINEAR_PORTFOLIO,risk_on,2012-07-09,risk_on,0.016412362105264013,0.004782806968644193,0.03930231805045381,0.5916666666666667,0.05254476166971596,0.7833333333333333,0.625,,,{},2812.TW,2012-07-09,2012-07-10
0.019072694343717347,1165000,1165000,0.045,0.44999999999999996,1.0,D-1 estimated accounting; fill-day constraints require ledger audit,direct,V4_DIRECT_FROZEN_LINEAR_PORTFOLIO,risk_on,2012-07-09,risk_on,0.016412362105264013,0.004782806968644193,0.03930231805045381,0.5916666666666667,0.05254476166971596,0.7833333333333333,0.625,,,{},2884.TW,2012-07-09,2012-07-10
0.025849182440854726,2268000,0,0.009166666666666668,0.09166666666666667,1.0,D-1 estimated accounting; fill-day constraints require ledger audit,direct,V4_DIRECT_FROZEN_LINEAR_PORTFOLIO,risk_on,2012-07-09,risk_on,0.016412362105264013,0.004782806968644193,0.03930231805045381,0.5916666666666667,0.05254476166971596,0.7833333333333333,0.625,,,{},2890.TW,2012-07-09,2012-07-10
0.02197047107591039,646000,0,0.0125,0.125,1.0,D-1 estimated accounting; fill-day constraints require ledger audit,direct,V4_DIRECT_FROZEN_LINEAR_PORTFOLIO,risk_on,2012-07-09,risk_on,0.016412362105264013,0.004782806968644193,0.03930231805045381,0.5916666666666667,0.05254476166971596,0.7833333333333333,0.625,,,{},3037.TW,2012-07-09,2012-07-10
0.035189909918020984,365000,0,0.03583333333333333,0.3583333333333333,1.0,D-1 estimated accounting; fill-day constraints require ledger audit,direct,V4_DIRECT_FROZEN_LINEAR_PORTFOLIO,risk_on,2012-07-09,risk_on,0.016412362105264013,0.004782806968644193,0.03930231805045381,0.5916666666666667,0.05254476166971596,0.7833333333333333,0.625,,,{},3045.TW,2012-07-09,2012-07-10
0.08378943194305948,1875000,0,0.05,0.5,1.0,D-1 estimated accounting; fill-day constraints require ledger audit,direct,V4_DIRECT_FROZEN_LINEAR_PORTFOLIO,risk_on,2012-07-09,risk_on,0.016412362105264013,0.004782806968644193,0.03930231805045381,0.5916666666666667,0.05254476166971596,0.7833333333333333,0.625,,,{},3491.TWO,2012-07-09,2012-07-10
0.044631107710539276,499000,0,0.032499999999999994,0.32499999999999996,1.0,D-1 estimated accounting; fill-day constraints require ledger audit,direct,V4_DIRECT_FROZEN_LINEAR_PORTFOLIO,risk_on,2012-07-09,risk_on,0.016412362105264013,0.004782806968644193,0.03930231805045381,0.5916666666666667,0.05254476166971596,0.7833333333333333,0.625,,,{},3653.TW,2012-07-09,2012-07-10
0.03680416142993236,575000,0,0.0475,0.475,1.0,D-1 estimated accounting; fill-day constraints require ledger audit,direct,V4_DIRECT_FROZEN_LINEAR_PORTFOLIO,risk_on,2012-07-09,risk_on,0.016412362105264013,0.004782806968644193,0.03930231805045381,0.5916666666666667,0.05254476166971596,0.7833333333333333,0.625,,,{},6239.TW,2012-07-09,2012-07-10
0.07172420953664557,1417000,0,0.021666666666666667,0.21666666666666667,1.0,D-1 estimated accounting; fill-day constraints require ledger audit,direct,V4_DIRECT_FROZEN_LINEAR_PORTFOLIO,risk_on,2012-07-09,risk_on,0.016412362105264013,0.004782806968644193,0.03930231805045381,0.5916666666666667,0.05254476166971596,0.7833333333333333,0.625,,,{},8046.TW,2012-07-09,2012-07-10
0.0,0,-1638000,-0.03416666666666667,-0.3416666666666667,1.0,D-1 estimated accounting; fill-day constraints require ledger audit,direct,V4_DIRECT_FROZEN_LINEAR_PORTFOLIO,risk_on,2012-07-09,risk_on,0.016412362105264013,0.004782806968644193,0.03930231805045381,0.5916666666666667,0.05254476166971596,0.7833333333333333,0.625,,,{},8069.TWO,2012-07-09,2012-07-10
0.03304454365638083,969000,0,0.02333333333333333,0.23333333333333328,1.0,D-1 estimated accounting; fill-day constraints require ledger audit,direct,V4_DIRECT_FROZEN_LINEAR_PORTFOLIO,risk_on,2012-07-09,risk_on,0.016412362105264013,0.004782806968644193,0.03930231805045381,0.5916666666666667,0.05254476166971596,0.7833333333333333,0.625,,,{},8210.TW,2012-07-09,2012-07-10
0.048144431403513877,208000,0,-0.015000000000000003,-0.15000000000000002,1.0,D-1 estimated accounting; fill-day constraints require ledger audit,direct,V4_DIRECT_FROZEN_LINEAR_PORTFOLIO,risk_on,2012-07-09,risk_on,0.016412362105264013,0.004782806968644193,0.03930231805045381,0.5916666666666667,0.05254476166971596,0.7833333333333333,0.625,,,{},8299.TWO,2012-07-09,2012-07-10
0.015406636930161798,469000,0,0.03416666666666667,0.3416666666666667,1.0,D-1 estimated accounting; fill-day constraints require ledger audit,direct,V4_DIRECT_FROZEN_LINEAR_PORTFOLIO,risk_on,2012-07-10,risk_on,0.017314057732591842,-0.0077797419420561065,0.03912736449995835,0.325,0.05366453824795649,0.6166666666666667,0.5333333333333333,,,{},1402.TW,2012-07-10,2012-07-11
0.07914262875253962,1944000,0,0.0225,0.22499999999999998,1.0,D-1 estimated accounting; fill-day constraints require ledger audit,direct,V4_DIRECT_FROZEN_LINEAR_PORTFOLIO,risk_on,2012-07-10,risk_on,0.017314057732591842,-0.0077797419420561065,0.03912736449995835,0.325,0.05366453824795649,0.6166666666666667,0.5333333333333333,,,{},1785.TWO,2012-07-10,2012-07-11
0.05781008828642775,1993000,0,0.04916666666666667,0.4916666666666667,1.0,D-1 estimated accounting; fill-day constraints require ledger audit,direct,V4_DIRECT_FROZEN_LINEAR_PORTFOLIO,risk_on,2012-07-10,risk_on,0.017314057732591842,-0.0077797419420561065,0.03912736449995835,0.325,0.05366453824795649,0.6166666666666667,0.5333333333333333,,,{},1802.TW,2012-07-10,2012-07-11
0.057452582981565255,4553000,0,0.005833333333333335,0.05833333333333335,1.0,D-1 estimated accounting; fill-day constraints require ledger audit,direct,V4_DIRECT_FROZEN_LINEAR_PORTFOLIO,risk_on,2012-07-10,risk_on,0.017314057732591842,-0.0077797419420561065,0.03912736449995835,0.325,0.05366453824795649,0.6166666666666667,0.5333333333333333,,,{},2303.TW,2012-07-10,2012-07-11
0.008537391518196302,655000,0,0.0475,0.475,1.0,D-1 estimated accounting; fill-day constraints require ledger audit,direct,V4_DIRECT_FROZEN_LINEAR_PORTFOLIO,risk_on,2012-07-10,risk_on,0.017314057732591842,-0.0077797419420561065,0.03912736449995835,0.325,0.05366453824795649,0.6166666666666667,0.5333333333333333,,,{},2313.TW,2012-07-10,2012-07-11
0.011505647104021334,125000,0,0.018333333333333337,0.18333333333333335,1.0,D-1 estimated accounting; fill-day constraints require ledger audit,direct,V4_DIRECT_FROZEN_LINEAR_PORTFOLIO,risk_on,2012-07-10,risk_on,0.017314057732591842,-0.0077797419420561065,0.03912736449995835,0.325,0.05366453824795649,0.6166666666666667,0.5333333333333333,,,{},2317.TW,2012-07-10,2012-07-11
0.05855643848172201,12788000,0,-0.011666666666666665,-0.11666666666666664,1.0,D-1 estimated accounting; fill-day constraints require ledger audit,direct,V4_DIRECT_FROZEN_LINEAR_PORTFOLIO,risk_on,2012-07-10,risk_on,0.017314057732591842,-0.0077797419420561065,0.03912736449995835,0.325,0.05366453824795649,0.6166666666666667,0.5333333333333333,,,{},2344.TW,2012-07-10,2012-07-11
0.04114083745226354,2695000,0,0.04583333333333334,0.45833333333333337,1.0,D-1 estimated accounting; fill-day constraints require ledger audit,direct,V4_DIRECT_FROZEN_LINEAR_PORTFOLIO,risk_on,2012-07-10,risk_on,0.017314057732591842,-0.0077797419420561065,0.03912736449995835,0.325,0.05366453824795649,0.6166666666666667,0.5333333333333333,,,{},2449.TW,2012-07-10,2012-07-11
0.05855872789949899,3552000,0,0.030000000000000006,0.30000000000000004,1.0,D-1 estimated accounting; fill-day constraints require ledger audit,direct,V4_DIRECT_FROZEN_LINEAR_PORTFOLIO,risk_on,2012-07-10,risk_on,0.017314057732591842,-0.0077797419420561065,0.03912736449995835,0.325,0.05366453824795649,0.6166666666666667,0.5333333333333333,,,{},2603.TW,2012-07-10,2012-07-11
0.06441981547438533,4814000,0,0.010833333333333328,0.10833333333333328,1.0,D-1 estimated accounting; fill-day constraints require ledger audit,direct,V4_DIRECT_FROZEN_LINEAR_PORTFOLIO,risk_on,2012-07-10,risk_on,0.017314057732591842,-0.0077797419420561065,0.03912736449995835,0.325,0.05366453824795649,0.6166666666666667,0.5333333333333333,,,{},2609.TW,2012-07-10,2012-07-11
0.07088800576777518,4644000,0,0.039166666666666676,0.3916666666666667,1.0,D-1 estimated accounting; fill-day constraints require ledger audit,direct,V4_DIRECT_FROZEN_LINEAR_PORTFOLIO,risk_on,2012-07-10,risk_on,0.017314057732591842,-0.0077797419420561065,0.03912736449995835,0.325,0.05366453824795649,0.6166666666666667,0.5333333333333333,,,{},2615.TW,2012-07-10,2012-07-11
0.004257813393264924,448000,0,0.014166666666666673,0.14166666666666672,1.0,D-1 estimated accounting; fill-day constraints require ledger audit,direct,V4_DIRECT_FROZEN_LINEAR_PORTFOLIO,risk_on,2012-07-10,risk_on,0.017314057732591842,-0.0077797419420561065,0.03912736449995835,0.325,0.05366453824795649,0.6166666666666667,0.5333333333333333,,,{},2812.TW,2012-07-10,2012-07-11
0.01921187821727405,1165000,0,0.041666666666666664,0.41666666666666663,1.0,D-1 estimated accounting; fill-day constraints require ledger audit,direct,V4_DIRECT_FROZEN_LINEAR_PORTFOLIO,risk_on,2012-07-10,risk_on,0.017314057732591842,-0.0077797419420561065,0.03912736449995835,0.325,0.05366453824795649,0.6166666666666667,0.5333333333333333,,,{},2884.TW,2012-07-10,2012-07-11
0.026429369511092937,2268000,0,0.03833333333333333,0.3833333333333333,1.0,D-1 estimated accounting; fill-day constraints require ledger audit,direct,V4_DIRECT_FROZEN_LINEAR_PORTFOLIO,risk_on,2012-07-10,risk_on,0.017314057732591842,-0.0077797419420561065,0.03912736449995835,0.325,0.05366453824795649,0.6166666666666667,0.5333333333333333,,,{},2890.TW,2012-07-10,2012-07-11
0.02197138977778945,646000,0,0.001666666666666672,0.01666666666666672,1.0,D-1 estimated accounting; fill-day constraints require ledger audit,direct,V4_DIRECT_FROZEN_LINEAR_PORTFOLIO,risk_on,2012-07-10,risk_on,0.017314057732591842,-0.0077797419420561065,0.03912736449995835,0.325,0.05366453824795649,0.6166666666666667,0.5333333333333333,,,{},3037.TW,2012-07-10,2012-07-11
0.03510766197447448,365000,0,0.02333333333333333,0.23333333333333328,1.0,D-1 estimated accounting; fill-day constraints require ledger audit,direct,V4_DIRECT_FROZEN_LINEAR_PORTFOLIO,risk_on,2012-07-10,risk_on,0.017314057732591842,-0.0077797419420561065,0.03912736449995835,0.325,0.05366453824795649,0.6166666666666667,0.5333333333333333,,,{},3045.TW,2012-07-10,2012-07-11
0.04788431751434714,1772000,1772000,0.04833333333333333,0.4833333333333333,1.0,D-1 estimated accounting; fill-day constraints require ledger audit,direct,V4_DIRECT_FROZEN_LINEAR_PORTFOLIO,risk_on,2012-07-10,risk_on,0.017314057732591842,-0.0077797419420561065,0.03912736449995835,0.325,0.05366453824795649,0.6166666666666667,0.5333333333333333,,,{},3363.TWO,2012-07-10,2012-07-11
0.08434937528879084,1875000,0,0.05,0.5,1.0,D-1 estimated accounting; fill-day constraints require ledger audit,direct,V4_DIRECT_FROZEN_LINEAR_PORTFOLIO,risk_on,2012-07-10,risk_on,0.017314057732591842,-0.0077797419420561065,0.03912736449995835,0.325,0.05366453824795649,0.6166666666666667,0.5333333333333333,,,{},3491.TWO,2012-07-10,2012-07-11
0.044014514645924145,499000,0,0.0033333333333333327,0.033333333333333326,1.0,D-1 estimated accounting; fill-day constraints require ledger audit,direct,V4_DIRECT_FROZEN_LINEAR_PORTFOLIO,risk_on,2012-07-10,risk_on,0.017314057732591842,-0.0077797419420561065,0.03912736449995835,0.325,0.05366453824795649,0.6166666666666667,0.5333333333333333,,,{},3653.TW,2012-07-10,2012-07-11
0.03736014381131553,575000,0,0.04666666666666667,0.4666666666666667,1.0,D-1 estimated accounting; fill-day constraints require ledger audit,direct,V4_DIRECT_FROZEN_LINEAR_PORTFOLIO,risk_on,2012-07-10,risk_on,0.017314057732591842,-0.0077797419420561065,0.03912736449995835,0.325,0.05366453824795649,0.6166666666666667,0.5333333333333333,,,{},6239.TW,2012-07-10,2012-07-11
0.07125126005505542,1417000,0,0.0,0.0,1.0,D-1 estimated accounting; fill-day constraints require ledger audit,direct,V4_DIRECT_FROZEN_LINEAR_PORTFOLIO,risk_on,2012-07-10,risk_on,0.017314057732591842,-0.0077797419420561065,0.03912736449995835,0.325,0.05366453824795649,0.6166666666666667,0.5333333333333333,,,{},8046.TW,2012-07-10,2012-07-11
0.03294858838293406,969000,0,0.009999999999999998,0.09999999999999998,1.0,D-1 estimated accounting; fill-day constraints require ledger audit,direct,V4_DIRECT_FROZEN_LINEAR_PORTFOLIO,risk_on,2012-07-10,risk_on,0.017314057732591842,-0.0077797419420561065,0.03912736449995835,0.325,0.05366453824795649,0.6166666666666667,0.5333333333333333,,,{},8210.TW,2012-07-10,2012-07-11
0.0,0,-208000,-0.03333333333333334,-0.33333333333333337,1.0,D-1 estimated accounting; fill-day constraints require ledger audit,direct,V4_DIRECT_FROZEN_LINEAR_PORTFOLIO,risk_on,2012-07-10,risk_on,0.017314057732591842,-0.0077797419420561065,0.03912736449995835,0.325,0.05366453824795649,0.6166666666666667,0.5333333333333333,,,{},8299.TWO,2012-07-10,2012-07-11
