total_return,max_drawdown,annualized_volatility,sharpe_zero_rf,economic_total_return,economic_max_drawdown,economic_annualized_volatility,economic_sharpe_zero_rf,transaction_costs,commission_cost,sell_tax_cost,turnover_two_way,slippage_cost,max_daily_volume_participation,trades_above_10pct_daily_volume,trades_above_100pct_daily_volume,trades,sessions,start,end,final_nav,raw_rule_breach_days,negative_cash_days,stale_held_price_days,infeasible_signal_days,active_share_status,certification,execution_price_bound_breaches,accounting_status,simulated_warning_days,disqualified,complete_period,rejected_trade_count,official_compliance,hard_breach_days,infeasible_executed_days,trade_days,costs,final_economic_nav,measured_hard_breach_days,cash_breach_days,holding_count_breach_days,whitelist_breach_days,active_cap_breach_days,overdue_passive_cap_days,cash_ratio_max,cash_ratio_min,average_stock_exposure,holdings_min,holdings_max,observed_rule_eligible,no_valid_plan_days,hold_without_envelope_days,unfilled_orders,status,measured_pass,episode_status,failure_reasons,episode_return,forensic_partial_return,episode_max_drawdown,episode_turnover,requested_sessions,observed_sessions,universe_interpretation,episode_id,kind,split,session_count,prior_session_date,candidate_id,phase,realized_start,realized_end,days_to_20_holdings,independent_audit
0.05176618934735511,0.016907433875129052,0.10800521072059156,4.963458568022768,0.05176618934735511,0.016907433875129052,0.10800521072059156,4.963458568022768,6921509.833809696,4020886.6601036084,2900623.173706088,2.7563808255987214,0.0,7.755257398420402,46,8,133,24,2019-12-02,2020-01-03,1051766189.3473551,0,0,0,0,ACTIVE_SHARE_NOT_VERIFIED,RESEARCH_SHADOW_ONLY_BLOCK_SUBMISSION,0,SELF_FINANCING,0,False,True,0,UNKNOWN_BLOCK_SUBMISSION,0,0,24,6921509.833809696,1051766189.3473551,0,0,0,0,0,0,0.19738391471147923,0.06337132797318037,0.8651597985652325,20,30,True,0,0,0,COMPLETE,True,PASS,,0.05176618934735511,,0.016907433875129052,2.8216748491955146,24,24,COMPETITION_UNIVERSE_STRESS_TEST,monthly_2019-12-02,monthly,purged,24,2019-11-29,coarse_003_return_short_5,walk_forward_later,2019-12-02,2020-01-03,1.0,PASS_INTERNAL_ACCOUNTING
-0.016413500993025187,0.052053090995197504,0.22429618110298555,-0.6648583054158678,-0.016413500993025187,0.052053090995197504,0.22429618110298555,-0.6648583054158678,5886074.806734253,3522742.4225281416,2363332.3842061115,2.4980019284050967,0.0,56.42787046123651,25,7,147,24,2020-01-02,2020-02-13,983586499.0069748,0,0,0,0,ACTIVE_SHARE_NOT_VERIFIED,RESEARCH_SHADOW_ONLY_BLOCK_SUBMISSION,0,SELF_FINANCING,0,False,True,0,UNKNOWN_BLOCK_SUBMISSION,0,0,24,5886074.806734253,983586499.0069748,0,0,0,0,0,0,0.20318606417063126,0.05339241826544965,0.8641469681519226,20,30,True,0,0,0,COMPLETE,True,PASS,,-0.016413500993025187,,0.052053090995197504,2.4720999456337833,24,24,COMPETITION_UNIVERSE_STRESS_TEST,monthly_2020-01-02,monthly,validation,24,2019-12-31,coarse_003_return_short_5,walk_forward_later,2020-01-02,2020-02-13,1.0,PASS_INTERNAL_ACCOUNTING
-0.02952226777968192,0.06936741606513042,0.1842660348241715,-1.6183199910666415,-0.02952226777968192,0.06936741606513042,0.1842660348241715,-1.6183199910666415,6109816.767676202,3630656.0948994784,2479160.672776723,2.5596956990279973,0.0,13.6,31,4,125,24,2020-02-03,2020-03-06,970477732.2203181,2,0,0,2,ACTIVE_SHARE_NOT_VERIFIED,RESEARCH_SHADOW_ONLY_BLOCK_SUBMISSION,0,SELF_FINANCING,2,False,True,0,UNKNOWN_BLOCK_SUBMISSION,2,2,21,6109816.767676202,970477732.2203181,2,2,2,0,0,0,1.0,0.06784563983171446,0.7942887509903738,0,30,False,2,0,0,COMPLETE,False,FAIL_CASH,FAIL_CASH;FAIL_HOLDING_COUNT,-0.02952226777968192,,0.06936741606513042,2.54782883852595,24,24,COMPETITION_UNIVERSE_STRESS_TEST,monthly_2020-02-03,monthly,validation,24,2020-01-31,coarse_003_return_short_5,walk_forward_later,2020-02-03,2020-03-06,3.0,PASS_INTERNAL_ACCOUNTING
0.0,-0.0,0.0,,0.0,-0.0,0.0,,0.0,0.0,0.0,0.0,0.0,0.0,0,0,0,3,2020-03-02,2020-04-06,1000000000.0,3,0,0,3,ACTIVE_SHARE_NOT_VERIFIED,RESEARCH_SHADOW_ONLY_BLOCK_SUBMISSION,0,SELF_FINANCING,3,True,False,0,UNKNOWN_BLOCK_SUBMISSION,3,3,0,0.0,1000000000.0,3,3,3,0,0,0,1.0,1.0,0.0,0,0,False,3,0,0,FAILED,False,FAIL_CASH,FAIL_CASH;FAIL_HOLDING_COUNT,,0.0,-0.0,0.0,24,3,COMPETITION_UNIVERSE_STRESS_TEST,monthly_2020-03-02,monthly,validation,24,2020-02-27,coarse_003_return_short_5,walk_forward_later,2020-03-02,2020-03-04,,PASS_INTERNAL_ACCOUNTING
0.0,-0.0,0.0,,0.0,-0.0,0.0,,0.0,0.0,0.0,0.0,0.0,0.0,0,0,0,3,2020-04-01,2020-05-07,1000000000.0,3,0,0,3,ACTIVE_SHARE_NOT_VERIFIED,RESEARCH_SHADOW_ONLY_BLOCK_SUBMISSION,0,SELF_FINANCING,3,True,False,0,UNKNOWN_BLOCK_SUBMISSION,3,3,0,0.0,1000000000.0,3,3,3,0,0,0,1.0,1.0,0.0,0,0,False,3,0,0,FAILED,False,FAIL_CASH,FAIL_CASH;FAIL_HOLDING_COUNT,,0.0,-0.0,0.0,24,3,COMPETITION_UNIVERSE_STRESS_TEST,monthly_2020-04-01,monthly,validation,24,2020-03-31,coarse_003_return_short_5,walk_forward_later,2020-04-01,2020-04-07,,PASS_INTERNAL_ACCOUNTING
0.03846392986515346,0.05868275788808097,0.2207675509705572,1.9029664537015178,0.03846392986515346,0.05868275788808097,0.2207675509705572,1.9029664537015178,5564716.0256388225,3290695.9218662507,2274020.103772572,2.2767812362143998,0.0,4.892857142857143,29,7,111,24,2020-05-04,2020-06-04,1038463929.8651536,0,0,0,0,ACTIVE_SHARE_NOT_VERIFIED,RESEARCH_SHADOW_ONLY_BLOCK_SUBMISSION,0,SELF_FINANCING,0,False,True,0,UNKNOWN_BLOCK_SUBMISSION,0,0,22,5564716.0256388225,1038463929.8651536,0,0,0,0,0,0,0.1942555351366885,0.02677911212055418,0.8755291074944802,20,25,True,0,0,0,COMPLETE,True,PASS,,0.03846392986515346,,0.05868275788808097,2.3092602960464914,24,24,COMPETITION_UNIVERSE_STRESS_TEST,monthly_2020-05-04,monthly,validation,24,2020-04-30,coarse_003_return_short_5,walk_forward_later,2020-05-04,2020-06-04,1.0,PASS_INTERNAL_ACCOUNTING
0.12186866399875274,0.028021945536250148,0.19161654429546254,6.407447799323972,0.12186866399875274,0.028021945536250148,0.17063782140658626,7.174500599404631,5802322.278668618,3422941.745460543,2379380.533208075,2.348416957850703,0.0,3.769035532994924,23,2,116,24,2020-06-01,2020-07-06,1121868663.9987528,0,0,0,0,ACTIVE_SHARE_NOT_VERIFIED,RESEARCH_SHADOW_ONLY_BLOCK_SUBMISSION,0,SELF_FINANCING,0,False,True,0,UNKNOWN_BLOCK_SUBMISSION,0,0,23,5802322.278668618,1121868663.9987528,0,0,0,0,0,0,0.20259220075267173,0.08244172585740848,0.8700511053120057,20,30,True,0,0,0,COMPLETE,True,PASS,,0.12186866399875274,,0.028021945536250148,2.4020643827793284,24,24,COMPETITION_UNIVERSE_STRESS_TEST,monthly_2020-06-01,monthly,validation,24,2020-05-29,coarse_003_return_short_5,walk_forward_later,2020-06-01,2020-07-06,1.0,PASS_INTERNAL_ACCOUNTING
0.059242651136246716,0.06594873262635104,0.24189783767731654,2.6168199116180504,0.059242651136246716,0.05605518122360997,0.23070480346439276,2.7328826206552654,6275636.548904456,3712144.9816859383,2563491.567218517,2.5362196272698196,0.0,49.15775307956305,25,5,131,24,2020-07-01,2020-08-03,1059242651.1362468,0,0,0,0,ACTIVE_SHARE_NOT_VERIFIED,RESEARCH_SHADOW_ONLY_BLOCK_SUBMISSION,0,SELF_FINANCING,0,False,True,0,UNKNOWN_BLOCK_SUBMISSION,0,0,23,6275636.548904456,1059242651.1362468,0,0,0,0,0,0,0.2025085269515365,0.08676227905131222,0.8671435341432421,20,30,True,0,0,0,COMPLETE,True,PASS,,0.059242651136246716,,0.05605518122360997,2.6050140222357463,24,24,COMPETITION_UNIVERSE_STRESS_TEST,monthly_2020-07-01,monthly,validation,24,2020-06-30,coarse_003_return_short_5,walk_forward_later,2020-07-01,2020-08-03,1.0,PASS_INTERNAL_ACCOUNTING
0.020691722281732883,0.0539854216708302,0.24762055599846639,0.9891734154883801,0.020691722281732883,0.05331196696992302,0.24589944415044188,0.9943435398619141,6437740.017021157,3790804.0023212964,2646936.0146998595,2.6340072978945632,0.0,5.458990735675556,25,6,133,24,2020-08-03,2020-09-03,1020691722.2817328,0,0,0,0,ACTIVE_SHARE_NOT_VERIFIED,RESEARCH_SHADOW_ONLY_BLOCK_SUBMISSION,0,SELF_FINANCING,0,False,True,0,UNKNOWN_BLOCK_SUBMISSION,0,0,24,6437740.017021157,1020691722.2817328,0,0,0,0,0,0,0.20495152554874196,0.013722671585188978,0.8571840415489469,20,30,True,0,0,0,COMPLETE,False,FAIL_ROUND_LOT,FAIL_ROUND_LOT,0.020691722281732883,,0.05331196696992302,2.6602133349623136,24,24,COMPETITION_UNIVERSE_STRESS_TEST,monthly_2020-08-03,monthly,validation,24,2020-07-31,coarse_003_return_short_5,walk_forward_later,2020-08-03,2020-09-03,1.0,PASS_INTERNAL_ACCOUNTING
-0.04892476653693889,0.09648051676723834,0.16597128081730603,-3.0904440209516264,-0.04892476653693889,0.09549401676723834,0.164959010285288,-3.1103695427802562,6719131.202403091,3929902.856014055,2789228.3463890357,2.835232327580346,0.0,10.423833258784725,49,8,149,24,2020-09-01,2020-10-06,951075233.4630611,0,0,0,0,ACTIVE_SHARE_NOT_VERIFIED,RESEARCH_SHADOW_ONLY_BLOCK_SUBMISSION,0,SELF_FINANCING,0,False,True,0,UNKNOWN_BLOCK_SUBMISSION,0,0,24,6719131.202403091,951075233.4630611,0,0,0,0,0,0,0.20551373328522246,0.08820169792364564,0.860609389167923,20,28,True,0,0,0,COMPLETE,True,PASS,,-0.04892476653693889,,0.09549401676723834,2.7578265656238976,24,24,COMPETITION_UNIVERSE_STRESS_TEST,monthly_2020-09-01,monthly,validation,24,2020-08-31,coarse_003_return_short_5,walk_forward_later,2020-09-01,2020-10-06,1.0,PASS_INTERNAL_ACCOUNTING
0.01913335888867107,0.03599471545433841,0.11811127473197348,1.7421654841732361,0.01913335888867107,0.03599471545433841,0.11811127473197348,1.7421654841732361,6192433.330921569,3602595.9816996367,2589837.349221932,2.5107909943706144,0.0,14.859904797822985,18,3,127,24,2020-10-05,2020-11-06,1019133358.8886712,0,0,2,2,ACTIVE_SHARE_NOT_VERIFIED,RESEARCH_SHADOW_ONLY_BLOCK_SUBMISSION,0,SELF_FINANCING,0,False,True,0,UNKNOWN_BLOCK_SUBMISSION,0,2,22,6192433.330921569,1019133358.8886712,0,0,0,0,0,0,0.19610479120774663,0.0902084431243924,0.8668838178577619,20,30,True,2,0,0,COMPLETE,False,FAIL_MISSING_DATA,FAIL_MISSING_DATA,0.01913335888867107,,0.03599471545433841,2.5281375310172893,24,24,COMPETITION_UNIVERSE_STRESS_TEST,monthly_2020-10-05,monthly,validation,24,2020-09-30,coarse_003_return_short_5,walk_forward_later,2020-10-05,2020-11-06,1.0,PASS_INTERNAL_ACCOUNTING
0.09995884091279139,0.011759898396657031,0.11865170760366889,8.50452857830641,0.09995884091279139,0.011759898396657031,0.11865170760366889,8.50452857830641,6333564.329043167,3676982.6433005836,2656581.685742583,2.499443492481981,0.0,6.685855140397561,23,5,104,24,2020-11-02,2020-12-03,1099958840.9127915,0,0,0,0,ACTIVE_SHARE_NOT_VERIFIED,RESEARCH_SHADOW_ONLY_BLOCK_SUBMISSION,0,SELF_FINANCING,0,False,True,0,UNKNOWN_BLOCK_SUBMISSION,0,0,24,6333564.329043167,1099958840.9127915,0,0,0,0,0,0,0.20343147926818067,0.01417145202202777,0.8740810018046923,20,27,True,0,0,0,COMPLETE,True,PASS,,0.09995884091279139,,0.011759898396657031,2.5803386970530404,24,24,COMPETITION_UNIVERSE_STRESS_TEST,monthly_2020-11-02,monthly,validation,24,2020-10-30,coarse_003_return_short_5,walk_forward_later,2020-11-02,2020-12-03,1.0,PASS_INTERNAL_ACCOUNTING
0.09737814241570919,0.03203412909044534,0.2127508726924303,4.697117918789498,0.09737814241570919,0.03203412909044534,0.2127508726924303,4.697117918789498,3318793.2757926174,2267613.2386435997,1051180.0371490174,1.5587231822224934,0.0,3.445784827039502,10,2,69,24,2020-12-01,2021-01-04,1097378142.4157093,0,0,0,0,ACTIVE_SHARE_NOT_VERIFIED,RESEARCH_SHADOW_ONLY_BLOCK_SUBMISSION,0,SELF_FINANCING,0,False,True,0,UNKNOWN_BLOCK_SUBMISSION,0,0,22,3318793.2757926174,1097378142.4157093,0,0,0,0,0,0,0.20075638118272154,0.08217768733483384,0.890188653359466,20,25,True,0,0,0,COMPLETE,True,PASS,,0.09737814241570919,,0.03203412909044534,1.5913075358902455,24,24,COMPETITION_UNIVERSE_STRESS_TEST,monthly_2020-12-01,monthly,validation,24,2020-11-30,coarse_003_return_short_5,walk_forward_later,2020-12-01,2021-01-04,1.0,PASS_INTERNAL_ACCOUNTING
-0.0007520433173432428,0.06467676715058435,0.2220693497646497,0.07110229955189977,-0.0007520433173432428,0.06467676715058435,0.2220693497646497,0.07110229955189977,6718742.396987107,3872547.940354313,2846194.456632794,2.6952640399449224,0.0,1.6473048352104156,12,2,144,24,2021-01-04,2021-02-04,999247956.6826568,0,0,0,0,ACTIVE_SHARE_NOT_VERIFIED,RESEARCH_SHADOW_ONLY_BLOCK_SUBMISSION,0,SELF_FINANCING,0,False,True,0,UNKNOWN_BLOCK_SUBMISSION,0,0,23,6718742.396987107,999247956.6826568,0,0,0,0,0,0,0.20051270032437493,0.08985473960859887,0.8623816046606556,20,29,True,0,0,0,COMPLETE,True,PASS,,-0.0007520433173432428,,0.06467676715058435,2.717577502003027,24,24,COMPETITION_UNIVERSE_STRESS_TEST,monthly_2021-01-04,monthly,validation,24,2020-12-31,coarse_003_return_short_5,walk_forward_later,2021-01-04,2021-02-04,1.0,PASS_INTERNAL_ACCOUNTING
0.06770740919832519,0.046817528360496685,0.17900728375188046,3.933453342942644,0.06770740919832519,0.046817528360496685,0.1791635142063085,3.9301702870396684,4725984.834786422,2873201.96722758,1852782.867558842,1.9557419847941753,0.0,0.9040508663321878,11,0,88,24,2021-02-01,2021-03-16,1067707409.1983252,0,0,0,0,ACTIVE_SHARE_NOT_VERIFIED,RESEARCH_SHADOW_ONLY_BLOCK_SUBMISSION,0,SELF_FINANCING,0,False,True,0,UNKNOWN_BLOCK_SUBMISSION,0,0,23,4725984.834786422,1067707409.1983252,0,0,0,0,0,0,0.2026681709338077,0.016634727710761316,0.8872298807175646,20,27,True,0,0,0,COMPLETE,True,PASS,,0.06770740919832519,,0.046817528360496685,2.0162820822649685,24,24,COMPETITION_UNIVERSE_STRESS_TEST,monthly_2021-02-01,monthly,validation,24,2021-01-29,coarse_003_return_short_5,walk_forward_later,2021-02-01,2021-03-16,1.0,PASS_INTERNAL_ACCOUNTING
0.025266256482235683,0.04669979267910218,0.16177285156315907,1.699099733889986,0.025266256482235683,0.04669979267910218,0.16177285156315907,1.699099733889986,6815112.361443267,3919772.6032670345,2895339.758176232,2.789228207284323,0.0,1.3388046893650518,20,1,150,24,2021-03-02,2021-04-07,1025266256.4822357,0,0,0,0,ACTIVE_SHARE_NOT_VERIFIED,RESEARCH_SHADOW_ONLY_BLOCK_SUBMISSION,0,SELF_FINANCING,0,False,True,0,UNKNOWN_BLOCK_SUBMISSION,0,0,23,6815112.361443267,1025266256.4822357,0,0,0,0,0,0,0.20063323144537143,0.07120834670833807,0.8633657910359742,20,30,True,0,0,0,COMPLETE,True,PASS,,0.025266256482235683,,0.04669979267910218,2.7507176163277434,24,24,COMPETITION_UNIVERSE_STRESS_TEST,monthly_2021-03-02,monthly,validation,24,2021-02-26,coarse_003_return_short_5,walk_forward_later,2021-03-02,2021-04-07,1.0,PASS_INTERNAL_ACCOUNTING
0.10526147957621812,0.07122942277460731,0.26343649130649216,4.1249216650356635,0.10526147957621812,0.07105951752695805,0.2605661789417812,4.167605010072767,6761399.13771611,3944717.853187521,2816681.284528589,2.6387164672070407,0.0,0.6778541742295715,12,0,128,24,2021-04-01,2021-05-10,1105261479.5762181,0,0,0,0,ACTIVE_SHARE_NOT_VERIFIED,RESEARCH_SHADOW_ONLY_BLOCK_SUBMISSION,0,SELF_FINANCING,0,False,True,0,UNKNOWN_BLOCK_SUBMISSION,0,0,22,6761399.13771611,1105261479.5762181,0,0,0,0,0,0,0.20271781991722382,0.08276412522867821,0.8677606058269655,20,30,True,0,0,0,COMPLETE,True,PASS,,0.10526147957621812,,0.07105951752695805,2.768223054868435,24,24,COMPETITION_UNIVERSE_STRESS_TEST,monthly_2021-04-01,monthly,validation,24,2021-03-31,coarse_003_return_short_5,walk_forward_later,2021-04-01,2021-05-10,1.0,PASS_INTERNAL_ACCOUNTING
-0.05111984254033963,0.21118468677526014,0.46559128943906014,-0.9574736078935497,-0.05111984254033963,0.21118468677526014,0.46559128943906014,-0.9574736078935497,3574995.973915379,2399535.6286531347,1175460.3452622448,1.789004573419589,0.0,5.375,9,2,87,24,2021-05-03,2021-06-03,948880157.4596604,0,0,0,0,ACTIVE_SHARE_NOT_VERIFIED,RESEARCH_SHADOW_ONLY_BLOCK_SUBMISSION,0,SELF_FINANCING,0,False,True,0,UNKNOWN_BLOCK_SUBMISSION,0,0,24,3574995.973915379,948880157.4596604,0,0,0,0,0,0,0.20049411031640507,0.09278438648354964,0.8817748421549537,20,27,True,0,0,0,COMPLETE,True,PASS,,-0.05111984254033963,,0.21118468677526014,1.6838846516864103,24,24,COMPETITION_UNIVERSE_STRESS_TEST,monthly_2021-05-03,monthly,validation,24,2021-04-29,coarse_003_return_short_5,walk_forward_later,2021-05-03,2021-06-03,1.0,PASS_INTERNAL_ACCOUNTING
0.17875693601462728,0.018421700406116126,0.19150312787719445,9.139436514476955,0.17875693601462728,0.018421700406116126,0.19132485936385554,9.147785034186118,6034765.662508116,3579544.6019706475,2455221.060537468,2.4243514668188624,0.0,0.6544930321960596,17,0,121,24,2021-06-01,2021-07-05,1178756936.0146272,0,0,0,0,ACTIVE_SHARE_NOT_VERIFIED,RESEARCH_SHADOW_ONLY_BLOCK_SUBMISSION,0,SELF_FINANCING,0,False,True,0,UNKNOWN_BLOCK_SUBMISSION,0,0,23,6034765.662508116,1178756936.0146272,0,0,0,0,0,0,0.19608585102319656,0.07699811487119226,0.8715731146411073,20,30,True,0,0,0,COMPLETE,True,PASS,,0.17875693601462728,,0.018421700406116126,2.511961124189928,24,24,COMPETITION_UNIVERSE_STRESS_TEST,monthly_2021-06-01,monthly,validation,24,2021-05-31,coarse_003_return_short_5,walk_forward_later,2021-06-01,2021-07-05,1.0,PASS_INTERNAL_ACCOUNTING
0.01313577322875803,0.05378992690683837,0.1921174439668373,0.8055695925774289,0.01313577322875803,0.04745925091818237,0.1776261451044638,0.8570117788008983,6869565.785068691,3927065.1740511586,2942500.6110175326,2.757672317969896,0.0,2.1004205555467226,22,3,140,24,2021-07-01,2021-08-03,1013135773.228758,0,0,0,0,ACTIVE_SHARE_NOT_VERIFIED,RESEARCH_SHADOW_ONLY_BLOCK_SUBMISSION,0,SELF_FINANCING,0,False,True,0,UNKNOWN_BLOCK_SUBMISSION,0,0,24,6869565.785068691,1013135773.228758,0,0,0,0,0,0,0.20347398879260534,0.06318490306646012,0.8632706361154618,20,30,True,0,0,0,COMPLETE,True,PASS,,0.01313577322875803,,0.04745925091818237,2.7558352098604617,24,24,COMPETITION_UNIVERSE_STRESS_TEST,monthly_2021-07-01,monthly,validation,24,2021-06-30,coarse_003_return_short_5,walk_forward_later,2021-07-01,2021-08-03,1.0,PASS_INTERNAL_ACCOUNTING
-0.016054710210738454,0.07409057116145423,0.15747796736939432,-1.0028781263562023,-0.016054710210738454,0.07212593662914923,0.16061005247046767,-0.9803723880747457,6394292.693864355,3767659.379827499,2626633.3140368564,2.6986260626114627,0.0,,20,6,158,24,2021-08-02,2021-09-02,983945289.7892616,0,0,0,0,ACTIVE_SHARE_NOT_VERIFIED,RESEARCH_SHADOW_ONLY_BLOCK_SUBMISSION,0,SELF_FINANCING,0,False,True,0,UNKNOWN_BLOCK_SUBMISSION,0,0,24,6394292.693864355,983945289.7892616,0,0,0,0,0,0,0.20563705075277164,0.06429197975723702,0.8602513903357683,20,30,True,0,0,0,COMPLETE,False,FAIL_ROUND_LOT,FAIL_ROUND_LOT,-0.016054710210738454,,0.07212593662914923,2.6439714946157884,24,24,COMPETITION_UNIVERSE_STRESS_TEST,monthly_2021-08-02,monthly,validation,24,2021-07-30,coarse_003_return_short_5,walk_forward_later,2021-08-02,2021-09-02,1.0,PASS_INTERNAL_ACCOUNTING
-0.02448953190873293,0.055308987542620924,0.21017665428153037,-1.1370341173509408,-0.02448953190873293,0.055181842518497226,0.20919301292524117,-1.1433299304180058,6279032.127484797,3715186.1410683896,2563845.9864164074,2.608206679292351,0.0,,19,5,120,24,2021-09-01,2021-10-06,975510468.0912671,0,0,0,0,ACTIVE_SHARE_NOT_VERIFIED,RESEARCH_SHADOW_ONLY_BLOCK_SUBMISSION,0,SELF_FINANCING,0,False,True,0,UNKNOWN_BLOCK_SUBMISSION,0,0,22,6279032.127484797,975510468.0912671,0,0,0,0,0,0,0.20312962703971413,0.09405520517970797,0.8633128410448153,20,30,True,0,0,0,COMPLETE,False,FAIL_ROUND_LOT,FAIL_ROUND_LOT,-0.02448953190873293,,0.055181842518497226,2.607148169170799,24,24,COMPETITION_UNIVERSE_STRESS_TEST,monthly_2021-09-01,monthly,validation,24,2021-08-31,coarse_003_return_short_5,walk_forward_later,2021-09-01,2021-10-06,1.0,PASS_INTERNAL_ACCOUNTING
0.08418186269668193,0.024508722539610117,0.14105121577323082,6.094579667921292,0.08418186269668193,0.024508722539610117,0.14105121577323082,6.094579667921292,1284586.2673587913,1284586.2673587913,0.0,0.9013700798444753,0.0,5.9536170052103,14,3,47,24,2021-10-01,2021-11-04,1084181862.696682,0,0,0,0,ACTIVE_SHARE_NOT_VERIFIED,RESEARCH_SHADOW_ONLY_BLOCK_SUBMISSION,0,SELF_FINANCING,0,False,True,0,UNKNOWN_BLOCK_SUBMISSION,0,0,24,1284586.2673587913,1084181862.696682,0,0,0,0,0,0,0.10458720597225019,0.0897002337056451,0.9028330948528721,20,20,True,0,0,0,COMPLETE,True,PASS,,0.08418186269668193,,0.024508722539610117,0.9014640472693272,24,24,COMPETITION_UNIVERSE_STRESS_TEST,monthly_2021-10-01,monthly,validation,24,2021-09-30,coarse_003_return_short_5,walk_forward_later,2021-10-01,2021-11-04,1.0,PASS_INTERNAL_ACCOUNTING
0.023292481162651812,0.03561742744304963,0.15837132436525173,1.6037769982777712,0.023292481162651812,0.03561742744304963,0.15837132436525173,1.6037769982777712,6497280.909578089,3813346.8091254057,2683934.1004526825,2.634912282861459,0.0,4.425757015183799,18,1,129,24,2021-11-01,2021-12-02,1023292481.1626518,0,0,0,0,ACTIVE_SHARE_NOT_VERIFIED,RESEARCH_SHADOW_ONLY_BLOCK_SUBMISSION,0,SELF_FINANCING,0,False,True,0,UNKNOWN_BLOCK_SUBMISSION,0,0,24,6497280.909578089,1023292481.1626518,0,0,0,0,0,0,0.19946208105420338,0.08307158248522772,0.8650693466687692,20,27,True,0,0,0,COMPLETE,True,PASS,,0.023292481162651812,,0.03561742744304963,2.6760328485090565,24,24,COMPETITION_UNIVERSE_STRESS_TEST,monthly_2021-11-01,monthly,validation,24,2021-10-29,coarse_003_return_short_5,walk_forward_later,2021-11-01,2021-12-02,1.0,PASS_INTERNAL_ACCOUNTING
0.02858141726208685,0.021561324614582933,0.10451285717319109,2.8831788581348383,0.02858141726208685,0.021561324614582933,0.10492821388631313,2.8721600600987127,6316471.175123549,3728967.650393621,2587503.524729928,2.5806806215369544,0.0,5.600011761484119,30,2,138,24,2021-12-01,2022-01-04,1028581417.2620869,0,0,0,0,ACTIVE_SHARE_NOT_VERIFIED,RESEARCH_SHADOW_ONLY_BLOCK_SUBMISSION,0,SELF_FINANCING,0,False,True,0,UNKNOWN_BLOCK_SUBMISSION,0,0,24,6316471.175123549,1028581417.2620869,0,0,0,0,0,0,0.2102645296053367,0.09619379645178146,0.8591328823834811,20,30,True,0,0,0,COMPLETE,True,PASS,,0.02858141726208685,,0.021561324614582933,2.616819403784997,24,24,COMPETITION_UNIVERSE_STRESS_TEST,monthly_2021-12-01,monthly,validation,24,2021-11-30,coarse_003_return_short_5,walk_forward_later,2021-12-01,2022-01-04,1.0,PASS_INTERNAL_ACCOUNTING
-0.03451914241365439,0.05545472152876341,0.1338024623197481,-2.6906131480859177,-0.03451914241365439,0.05504672152876344,0.13407558820045123,-2.6848656810991374,1809015.0844528503,1550081.870270664,258933.21418218612,1.0919309216414406,0.0,9.301724137931034,14,6,53,24,2022-01-03,2022-02-14,965480857.5863456,0,0,0,0,ACTIVE_SHARE_NOT_VERIFIED,RESEARCH_SHADOW_ONLY_BLOCK_SUBMISSION,0,SELF_FINANCING,0,False,True,0,UNKNOWN_BLOCK_SUBMISSION,0,0,23,1809015.0844528503,965480857.5863456,0,0,0,0,0,0,0.17496626689663972,0.08541938307314727,0.9037566622296153,20,22,True,0,0,0,COMPLETE,True,PASS,,-0.03451914241365439,,0.05504672152876344,1.0877767510671328,24,24,COMPETITION_UNIVERSE_STRESS_TEST,monthly_2022-01-03,monthly,validation,24,2021-12-30,coarse_003_return_short_5,walk_forward_later,2022-01-03,2022-02-14,1.0,PASS_INTERNAL_ACCOUNTING
0.019520060762790337,0.04487877291850917,0.17706552913903534,1.2322750038294674,0.019520060762790337,0.04487877291850917,0.17706552913903534,1.2322750038294674,7020021.40499026,4023556.598416314,2996464.806573946,2.7899950031255667,0.0,118.54329245633593,27,4,133,24,2022-02-07,2022-03-11,1019520060.7627904,0,0,0,0,ACTIVE_SHARE_NOT_VERIFIED,RESEARCH_SHADOW_ONLY_BLOCK_SUBMISSION,0,SELF_FINANCING,0,False,True,0,UNKNOWN_BLOCK_SUBMISSION,0,0,24,7020021.40499026,1019520060.7627904,0,0,0,0,0,0,0.20336828510407756,0.013895649961560246,0.8634680668557887,20,30,True,0,0,0,COMPLETE,True,PASS,,0.019520060762790337,,0.04487877291850917,2.823548490116712,24,24,COMPETITION_UNIVERSE_STRESS_TEST,monthly_2022-02-07,monthly,validation,24,2022-01-26,coarse_003_return_short_5,walk_forward_later,2022-02-07,2022-03-11,1.0,PASS_INTERNAL_ACCOUNTING
0.006506533365827405,0.04119452479958474,0.13264590891681502,0.5771935716393628,0.006506533365827405,0.04119452479958474,0.13241123006521685,0.5779916958916714,7233249.164881345,4176339.950717424,3056909.214163922,2.9259037108062396,0.0,362.79662241676215,29,5,142,24,2022-03-01,2022-04-01,1006506533.3658273,0,0,0,0,ACTIVE_SHARE_NOT_VERIFIED,RESEARCH_SHADOW_ONLY_BLOCK_SUBMISSION,0,SELF_FINANCING,0,False,True,0,UNKNOWN_BLOCK_SUBMISSION,0,0,24,7233249.164881345,1006506533.3658273,0,0,0,0,0,0,0.19871987335386293,0.08054381852398403,0.8606123089677502,20,29,True,0,0,0,COMPLETE,True,PASS,,0.006506533365827405,,0.04119452479958474,2.9307648776964377,24,24,COMPETITION_UNIVERSE_STRESS_TEST,monthly_2022-03-01,monthly,validation,24,2022-02-25,coarse_003_return_short_5,walk_forward_later,2022-03-01,2022-04-01,1.0,PASS_INTERNAL_ACCOUNTING
-0.0875534192229942,0.10470833734824758,0.16456774801341706,-5.755735681558182,-0.0875534192229942,0.10470833734824758,0.16456774801341706,-5.755735681558182,6525868.883772873,3834235.474758408,2691633.409014466,2.736805752888926,0.0,26.947754622428,36,10,167,24,2022-04-01,2022-05-09,912446580.7770058,0,0,0,0,ACTIVE_SHARE_NOT_VERIFIED,RESEARCH_SHADOW_ONLY_BLOCK_SUBMISSION,0,SELF_FINANCING,0,False,True,0,UNKNOWN_BLOCK_SUBMISSION,0,0,24,6525868.883772873,912446580.7770058,0,0,0,0,0,0,0.20030619222967141,0.09501697487781788,0.861696588607853,20,30,True,0,0,0,COMPLETE,True,PASS,,-0.0875534192229942,,0.10470833734824758,2.6906915612339706,24,24,COMPETITION_UNIVERSE_STRESS_TEST,monthly_2022-04-01,monthly,validation,24,2022-03-31,coarse_003_return_short_5,walk_forward_later,2022-04-01,2022-05-09,1.0,PASS_INTERNAL_ACCOUNTING
-0.011423988661596218,0.03672022743577241,0.14605447696199259,-0.7559071490710215,-0.011423988661596218,0.03672022743577241,0.14605447696199259,-0.7559071490710215,1303541.6250762679,1303541.6250762679,0.0,0.9148957757206283,0.0,1.0045714285714287,13,1,45,24,2022-05-03,2022-06-06,988576011.3384038,0,0,0,0,ACTIVE_SHARE_NOT_VERIFIED,RESEARCH_SHADOW_ONLY_BLOCK_SUBMISSION,0,SELF_FINANCING,0,False,True,0,UNKNOWN_BLOCK_SUBMISSION,0,0,24,1303541.6250762679,988576011.3384038,0,0,0,0,0,0,0.09222419237577091,0.08386723757505425,0.9110476431589342,20,20,True,0,0,0,COMPLETE,True,PASS,,-0.011423988661596218,,0.03672022743577241,0.9147660526851,24,24,COMPETITION_UNIVERSE_STRESS_TEST,monthly_2022-05-03,monthly,validation,24,2022-04-29,coarse_003_return_short_5,walk_forward_later,2022-05-03,2022-06-06,1.0,PASS_INTERNAL_ACCOUNTING
-0.13210242412064088,0.15803972145784817,0.2880371527285947,-5.010488674067008,-0.13210242412064088,0.1408516913039083,0.25747861383368176,-5.636235003818685,5458952.437127971,3319139.755265941,2139812.68186203,2.3963153915238378,0.0,80.0,21,4,122,24,2022-06-01,2022-07-05,867897575.8793591,0,0,0,0,ACTIVE_SHARE_NOT_VERIFIED,RESEARCH_SHADOW_ONLY_BLOCK_SUBMISSION,0,SELF_FINANCING,0,False,True,0,UNKNOWN_BLOCK_SUBMISSION,0,0,24,5458952.437127971,867897575.8793591,0,0,0,0,0,0,0.20132830758807105,0.09405469851828803,0.8675000862727092,20,27,True,0,0,0,COMPLETE,True,PASS,,-0.13210242412064088,,0.1408516913039083,2.3292208808883794,24,24,COMPETITION_UNIVERSE_STRESS_TEST,monthly_2022-06-01,monthly,validation,24,2022-05-31,coarse_003_return_short_5,walk_forward_later,2022-06-01,2022-07-05,1.0,PASS_INTERNAL_ACCOUNTING
0.0,-0.0,0.0,,0.0,-0.0,0.0,,0.0,0.0,0.0,0.0,0.0,0.0,0,0,0,3,2022-07-01,2022-08-03,1000000000.0,3,0,0,3,ACTIVE_SHARE_NOT_VERIFIED,RESEARCH_SHADOW_ONLY_BLOCK_SUBMISSION,0,SELF_FINANCING,3,True,False,0,UNKNOWN_BLOCK_SUBMISSION,3,3,0,0.0,1000000000.0,3,3,3,0,0,0,1.0,1.0,0.0,0,0,False,3,0,0,FAILED,False,FAIL_CASH,FAIL_CASH;FAIL_HOLDING_COUNT,,0.0,-0.0,0.0,24,3,COMPETITION_UNIVERSE_STRESS_TEST,monthly_2022-07-01,monthly,validation,24,2022-06-30,coarse_003_return_short_5,walk_forward_later,2022-07-01,2022-07-05,,PASS_INTERNAL_ACCOUNTING
0.016646503867892237,0.016039870857613603,0.12043752511855843,1.4974078571197167,0.016646503867892237,0.01975271201473605,0.12837542142921582,1.4122840053887726,6130675.530073563,3573849.038779298,2556826.491294265,2.484182701270379,0.0,,45,8,107,24,2022-08-01,2022-09-01,1016646503.8678923,0,0,0,0,ACTIVE_SHARE_NOT_VERIFIED,RESEARCH_SHADOW_ONLY_BLOCK_SUBMISSION,1,SELF_FINANCING,0,False,True,0,UNKNOWN_BLOCK_SUBMISSION,0,0,23,6130675.530073563,1016646503.8678923,0,0,0,0,0,0,0.20452675310279284,0.09229760062680267,0.8650330962240065,20,29,True,0,0,0,COMPLETE,False,FAIL_ROUND_LOT,FAIL_ROUND_LOT,0.016646503867892237,,0.01975271201473605,2.507964237739858,24,24,COMPETITION_UNIVERSE_STRESS_TEST,monthly_2022-08-01,monthly,validation,24,2022-07-29,coarse_003_return_short_5,walk_forward_later,2022-08-01,2022-09-01,1.0,PASS_INTERNAL_ACCOUNTING
-0.08841530146484144,0.11692864152543236,0.2607882758047857,-3.5939384490254778,-0.08841530146484144,0.11611498212489224,0.2616438714512022,-3.5814219235170355,4678593.270903566,2941648.3250967865,1736944.9458067792,2.1479456180427805,0.0,0.9649446494464945,24,0,129,24,2022-09-01,2022-10-05,911584698.5351585,0,0,1,1,ACTIVE_SHARE_NOT_VERIFIED,RESEARCH_SHADOW_ONLY_BLOCK_SUBMISSION,0,SELF_FINANCING,0,False,True,0,UNKNOWN_BLOCK_SUBMISSION,0,1,23,4678593.270903566,911584698.5351585,0,0,0,0,0,0,0.21080615185227772,0.0710260101279261,0.8717538471271953,20,30,True,1,0,0,COMPLETE,False,FAIL_MISSING_DATA,FAIL_MISSING_DATA;FAIL_ROUND_LOT,-0.08841530146484144,,0.11611498212489224,2.064314614103008,24,24,COMPETITION_UNIVERSE_STRESS_TEST,monthly_2022-09-01,monthly,validation,24,2022-08-31,coarse_003_return_short_5,walk_forward_later,2022-09-01,2022-10-05,1.0,PASS_INTERNAL_ACCOUNTING
0.0,-0.0,0.0,,0.0,-0.0,0.0,,0.0,0.0,0.0,0.0,0.0,0.0,0,0,0,3,2022-10-03,2022-11-04,1000000000.0,3,0,0,3,ACTIVE_SHARE_NOT_VERIFIED,RESEARCH_SHADOW_ONLY_BLOCK_SUBMISSION,0,SELF_FINANCING,3,True,False,0,UNKNOWN_BLOCK_SUBMISSION,3,3,0,0.0,1000000000.0,3,3,3,0,0,0,1.0,1.0,0.0,0,0,False,3,0,0,FAILED,False,FAIL_CASH,FAIL_CASH;FAIL_HOLDING_COUNT,,0.0,-0.0,0.0,24,3,COMPETITION_UNIVERSE_STRESS_TEST,monthly_2022-10-03,monthly,validation,24,2022-09-30,coarse_003_return_short_5,walk_forward_later,2022-10-03,2022-10-05,,PASS_INTERNAL_ACCOUNTING
0.14166144290711347,0.019360363603999065,0.15578705389835554,9.027981294473843,0.14166144290711347,0.019360363603999065,0.15578705389835554,9.027981294473843,5941512.062150572,3460707.3683596784,2480804.693790894,2.3096295740171704,0.0,1.0399002493765586,30,1,104,24,2022-11-01,2022-12-02,1141661442.9071136,0,0,0,0,ACTIVE_SHARE_NOT_VERIFIED,RESEARCH_SHADOW_ONLY_BLOCK_SUBMISSION,0,SELF_FINANCING,0,False,True,0,UNKNOWN_BLOCK_SUBMISSION,0,0,21,5941512.062150572,1141661442.9071136,0,0,0,0,0,0,0.19732435493363243,0.09121137602628976,0.8693826557868636,20,30,True,0,0,0,COMPLETE,True,PASS,,0.14166144290711347,,0.019360363603999065,2.4285665742874936,24,24,COMPETITION_UNIVERSE_STRESS_TEST,monthly_2022-11-01,monthly,validation,24,2022-10-31,coarse_003_return_short_5,walk_forward_later,2022-11-01,2022-12-02,1.0,PASS_INTERNAL_ACCOUNTING
-0.038569216342835055,0.05497790355493126,0.13643531155126018,-2.95898945016168,-0.038569216342835055,0.05489495411160061,0.13633865038051682,-2.9611792421795795,5923282.439461395,3542223.0643579047,2381059.37510349,2.534306738038576,0.0,5.776595744680851,50,8,127,24,2022-12-01,2023-01-04,961430783.6571649,0,0,0,0,ACTIVE_SHARE_NOT_VERIFIED,RESEARCH_SHADOW_ONLY_BLOCK_SUBMISSION,0,SELF_FINANCING,0,False,True,0,UNKNOWN_BLOCK_SUBMISSION,0,0,24,5923282.439461395,961430783.6571649,0,0,0,0,0,0,0.20606595452661752,0.01680000943356813,0.8752908741554517,20,29,True,0,0,0,COMPLETE,True,PASS,,-0.038569216342835055,,0.05489495411160061,2.485770571479231,24,24,COMPETITION_UNIVERSE_STRESS_TEST,monthly_2022-12-01,monthly,purged,24,2022-11-30,coarse_003_return_short_5,walk_forward_later,2022-12-01,2023-01-04,1.0,PASS_INTERNAL_ACCOUNTING
0.0,-0.0,0.0,,0.0,-0.0,0.0,,0.0,0.0,0.0,0.0,0.0,0.0,0,0,0,3,2023-01-03,2023-02-15,1000000000.0,3,0,0,3,ACTIVE_SHARE_NOT_VERIFIED,RESEARCH_SHADOW_ONLY_BLOCK_SUBMISSION,0,SELF_FINANCING,3,True,False,0,UNKNOWN_BLOCK_SUBMISSION,3,3,0,0.0,1000000000.0,3,3,3,0,0,0,1.0,1.0,0.0,0,0,False,3,0,0,FAILED,False,FAIL_CASH,FAIL_CASH;FAIL_HOLDING_COUNT,,0.0,-0.0,0.0,24,3,COMPETITION_UNIVERSE_STRESS_TEST,monthly_2023-01-03,monthly,holdout,24,2022-12-30,coarse_003_return_short_5,walk_forward_later,2023-01-03,2023-01-05,,PASS_INTERNAL_ACCOUNTING
0.05324828876179888,0.019382715003365192,0.15861751454443662,3.5137946600792116,0.05324828876179888,0.019382715003365192,0.15861751454443662,3.5137946600792116,6623892.870989451,3816394.659126813,2807498.211862638,2.6344503026991695,0.0,28.008298755186722,41,6,137,24,2023-02-01,2023-03-08,1053248288.7617989,0,0,0,0,ACTIVE_SHARE_NOT_VERIFIED,RESEARCH_SHADOW_ONLY_BLOCK_SUBMISSION,0,SELF_FINANCING,0,False,True,0,UNKNOWN_BLOCK_SUBMISSION,0,0,21,6623892.870989451,1053248288.7617989,0,0,0,0,0,0,0.2020756033749775,0.09692045422449991,0.8626994859067514,20,29,True,0,0,0,COMPLETE,True,PASS,,0.05324828876179888,,0.019382715003365192,2.678171690615308,24,24,COMPETITION_UNIVERSE_STRESS_TEST,monthly_2023-02-01,monthly,holdout,24,2023-01-31,coarse_003_return_short_5,walk_forward_later,2023-02-01,2023-03-08,1.0,PASS_INTERNAL_ACCOUNTING
0.06684016494268974,0.04036960167673809,0.15519010046443535,4.458006497365462,0.06684016494268974,0.039664393502594764,0.1546443481149118,4.473203378967353,6822984.677117396,3972570.11341527,2850414.563702125,2.733929802496248,0.0,31.914893617021278,28,5,134,24,2023-03-01,2023-04-06,1066840164.9426898,0,0,0,0,ACTIVE_SHARE_NOT_VERIFIED,RESEARCH_SHADOW_ONLY_BLOCK_SUBMISSION,0,SELF_FINANCING,0,False,True,0,UNKNOWN_BLOCK_SUBMISSION,0,0,24,6822984.677117396,1066840164.9426898,0,0,0,0,0,0,0.1995659452185952,0.09537925423667307,0.8620542886990699,20,28,True,0,0,0,COMPLETE,True,PASS,,0.06684016494268974,,0.039664393502594764,2.787768500642295,24,24,COMPETITION_UNIVERSE_STRESS_TEST,monthly_2023-03-01,monthly,holdout,24,2023-02-24,coarse_003_return_short_5,walk_forward_later,2023-03-01,2023-04-06,1.0,PASS_INTERNAL_ACCOUNTING
-0.02227865419405839,0.07819912862040912,0.19308867724386636,-1.13154564023489,-0.02227865419405839,0.07312427619908379,0.19265749826294526,-1.1345053987879397,5901550.150265602,3529682.211632727,2371867.9386328747,2.48429376899046,0.0,1.470217320539712,19,4,117,24,2023-04-06,2023-05-10,977721345.8059416,0,0,0,0,ACTIVE_SHARE_NOT_VERIFIED,RESEARCH_SHADOW_ONLY_BLOCK_SUBMISSION,0,SELF_FINANCING,0,False,True,0,UNKNOWN_BLOCK_SUBMISSION,0,0,24,5901550.150265602,977721345.8059416,0,0,0,0,0,0,0.20033261522407408,0.022803692762221918,0.8766355259518183,20,28,True,0,0,0,COMPLETE,True,PASS,,-0.02227865419405839,,0.07312427619908379,2.476969973075598,24,24,COMPETITION_UNIVERSE_STRESS_TEST,monthly_2023-04-06,monthly,holdout,24,2023-03-31,coarse_003_return_short_5,walk_forward_later,2023-04-06,2023-05-10,1.0,PASS_INTERNAL_ACCOUNTING
0.11637649834239827,0.011703768526074465,0.11529184087612966,10.104158848849526,0.11637649834239827,0.011703768526074465,0.11529184087612966,10.104158848849526,6600684.214711377,3859997.8455679417,2740686.3691434357,2.643131283206925,0.0,1.8499744301315009,26,1,131,24,2023-05-02,2023-06-02,1116376498.3423982,0,0,0,0,ACTIVE_SHARE_NOT_VERIFIED,RESEARCH_SHADOW_ONLY_BLOCK_SUBMISSION,0,SELF_FINANCING,0,False,True,0,UNKNOWN_BLOCK_SUBMISSION,0,0,23,6600684.214711377,1116376498.3423982,0,0,0,0,0,0,0.2033321048278849,0.02359266545639947,0.8713989207223047,20,27,True,0,0,0,COMPLETE,True,PASS,,0.11637649834239827,,0.011703768526074465,2.7087704179424152,24,24,COMPETITION_UNIVERSE_STRESS_TEST,monthly_2023-05-02,monthly,holdout,24,2023-04-28,coarse_003_return_short_5,walk_forward_later,2023-05-02,2023-06-02,1.0,PASS_INTERNAL_ACCOUNTING
0.17880409396054797,0.04605510165430615,0.26579134879528404,6.647747739047238,0.17880409396054797,0.046023563630641084,0.26818772696860743,6.59060460319831,5066037.667944374,3081283.2529701274,1984754.4149742455,2.018115060679108,0.0,1.976027397260274,11,2,114,24,2023-06-01,2023-07-06,1178804093.960548,0,0,0,0,ACTIVE_SHARE_NOT_VERIFIED,RESEARCH_SHADOW_ONLY_BLOCK_SUBMISSION,0,SELF_FINANCING,0,False,True,0,UNKNOWN_BLOCK_SUBMISSION,0,0,23,5066037.667944374,1178804093.960548,0,0,0,0,0,0,0.1984076944916621,0.06958489757120148,0.8789136460330447,20,30,True,0,0,0,COMPLETE,True,PASS,,0.17880409396054797,,0.046023563630641084,2.1623040371720195,24,24,COMPETITION_UNIVERSE_STRESS_TEST,monthly_2023-06-01,monthly,holdout,24,2023-05-31,coarse_003_return_short_5,walk_forward_later,2023-06-01,2023-07-06,1.0,PASS_INTERNAL_ACCOUNTING
0.006706929014063112,0.09440005985572553,0.26668047348599416,0.3923674403161914,0.006706929014063112,0.09097477056969916,0.2541551405560647,0.3993389057662695,5961388.524052074,3488566.6612331667,2472821.862818907,2.387347804193165,0.0,5.976525821596244,20,2,106,24,2023-07-03,2023-08-04,1006706929.0140631,0,0,0,0,ACTIVE_SHARE_NOT_VERIFIED,RESEARCH_SHADOW_ONLY_BLOCK_SUBMISSION,0,SELF_FINANCING,0,False,True,0,UNKNOWN_BLOCK_SUBMISSION,0,0,24,5961388.524052074,1006706929.0140631,0,0,0,0,0,0,0.19711828577122745,0.06411480783939111,0.8712474124710126,20,27,True,0,0,0,COMPLETE,False,FAIL_ROUND_LOT,FAIL_ROUND_LOT,0.006706929014063112,,0.09097477056969916,2.448116955251345,24,24,COMPETITION_UNIVERSE_STRESS_TEST,monthly_2023-07-03,monthly,holdout,24,2023-06-30,coarse_003_return_short_5,walk_forward_later,2023-07-03,2023-08-04,1.0,PASS_INTERNAL_ACCOUNTING
-0.05583106616571565,0.07904055733996196,0.17156549519382994,-3.429290784385936,-0.05583106616571565,0.0749982380809402,0.1631172718629947,-3.6152032374048497,6903752.298862112,4022334.1138807517,2881418.18498136,2.9436939964876014,0.0,2.0013293854613567,33,5,150,24,2023-08-01,2023-09-04,944168933.8342843,0,0,0,0,ACTIVE_SHARE_NOT_VERIFIED,RESEARCH_SHADOW_ONLY_BLOCK_SUBMISSION,0,SELF_FINANCING,0,False,True,0,UNKNOWN_BLOCK_SUBMISSION,0,0,24,6903752.298862112,944168933.8342843,0,0,0,0,0,0,0.20260408178279712,0.08673785730202538,0.8594961364419806,20,30,True,0,0,0,COMPLETE,False,FAIL_ROUND_LOT,FAIL_ROUND_LOT,-0.05583106616571565,,0.0749982380809402,2.822690606232106,24,24,COMPETITION_UNIVERSE_STRESS_TEST,monthly_2023-08-01,monthly,holdout,24,2023-07-31,coarse_003_return_short_5,walk_forward_later,2023-08-01,2023-09-04,1.0,PASS_INTERNAL_ACCOUNTING
0.00826980468871863,0.04076025466998723,0.14796278735949736,0.6554426844946795,0.00826980468871863,0.04076025466998723,0.14796278735949736,0.6554426844946795,6365247.06545998,3682956.5045749075,2682290.5608850713,2.5819063787484486,0.0,1.8238993710691824,18,1,127,24,2023-09-01,2023-10-05,1008269804.6887187,0,0,0,0,ACTIVE_SHARE_NOT_VERIFIED,RESEARCH_SHADOW_ONLY_BLOCK_SUBMISSION,0,SELF_FINANCING,0,False,True,0,UNKNOWN_BLOCK_SUBMISSION,0,0,23,6365247.06545998,1008269804.6887187,0,0,0,0,0,0,0.205443189357653,0.09031173346939107,0.8639247875957671,20,30,True,0,0,0,COMPLETE,True,PASS,,0.00826980468871863,,0.04076025466998723,2.584530880403444,24,24,COMPETITION_UNIVERSE_STRESS_TEST,monthly_2023-09-01,monthly,holdout,24,2023-08-31,coarse_003_return_short_5,walk_forward_later,2023-09-01,2023-10-05,1.0,PASS_INTERNAL_ACCOUNTING
-0.012843570940798799,0.06280964223141139,0.2036935210790192,-0.5683682314717153,-0.012843570940798799,0.06280964223141139,0.2036935210790192,-0.5683682314717153,4427941.758033496,2813278.899148466,1614662.8588850307,1.9947353616854655,0.0,1.8584450750324741,10,1,105,24,2023-10-02,2023-11-06,987156429.0592012,0,0,0,0,ACTIVE_SHARE_NOT_VERIFIED,RESEARCH_SHADOW_ONLY_BLOCK_SUBMISSION,0,SELF_FINANCING,0,False,True,0,UNKNOWN_BLOCK_SUBMISSION,0,0,24,4427941.758033496,987156429.0592012,0,0,0,0,0,0,0.19951136991920831,0.07674649953361572,0.8781674867794707,20,26,True,0,0,0,COMPLETE,True,PASS,,-0.012843570940798799,,0.06280964223141139,1.974230806419976,24,24,COMPETITION_UNIVERSE_STRESS_TEST,monthly_2023-10-02,monthly,holdout,24,2023-09-28,coarse_003_return_short_5,walk_forward_later,2023-10-02,2023-11-06,1.0,PASS_INTERNAL_ACCOUNTING
0.06558568240260243,0.020921379904090487,0.11724103913994222,5.75277945972515,0.06558568240260243,0.020921379904090487,0.11724103913994222,5.75277945972515,6480027.922724832,3804872.154630402,2675155.76809443,2.5962151263103266,0.0,77.3529411764706,26,4,131,24,2023-11-01,2023-12-04,1065585682.4026024,0,0,0,0,ACTIVE_SHARE_NOT_VERIFIED,RESEARCH_SHADOW_ONLY_BLOCK_SUBMISSION,0,SELF_FINANCING,0,False,True,0,UNKNOWN_BLOCK_SUBMISSION,0,0,24,6480027.922724832,1065585682.4026024,0,0,0,0,0,0,0.20272868795474677,0.016326810136920143,0.8755000253167056,20,30,True,0,0,0,COMPLETE,True,PASS,,0.06558568240260243,,0.020921379904090487,2.6700857225476504,24,24,COMPETITION_UNIVERSE_STRESS_TEST,monthly_2023-11-01,monthly,holdout,24,2023-10-31,coarse_003_return_short_5,walk_forward_later,2023-11-01,2023-12-04,1.0,PASS_INTERNAL_ACCOUNTING
0.006277657376587253,0.0387251714161877,0.13303568751459702,0.55788562646498,0.006277657376587253,0.03866886896344124,0.1323472162177142,0.560121268468851,6771274.385370578,3950878.292639107,2820396.0927314702,2.714504923424662,0.0,3.832245609485528,9,2,146,24,2023-12-01,2024-01-04,1006277657.3765872,0,0,0,0,ACTIVE_SHARE_NOT_VERIFIED,RESEARCH_SHADOW_ONLY_BLOCK_SUBMISSION,0,SELF_FINANCING,0,False,True,0,UNKNOWN_BLOCK_SUBMISSION,0,0,22,6771274.385370578,1006277657.3765872,0,0,0,0,0,0,0.20209553518935622,0.09327291459192096,0.8641232639044598,20,30,True,0,0,0,COMPLETE,True,PASS,,0.006277657376587253,,0.03866886896344124,2.772546170273057,24,24,COMPETITION_UNIVERSE_STRESS_TEST,monthly_2023-12-01,monthly,holdout,24,2023-11-30,coarse_003_return_short_5,walk_forward_later,2023-12-01,2024-01-04,1.0,PASS_INTERNAL_ACCOUNTING
0.07076535380731386,0.04438380517958462,0.22677135107188506,3.2782319264632376,0.07076535380731386,0.04438380517958462,0.22677135107188506,3.2782319264632376,4065355.403523614,2632731.289311762,1432624.1142118515,1.8506518538654668,0.0,16.217391304347824,10,2,86,24,2024-01-02,2024-02-02,1070765353.8073139,0,0,0,0,ACTIVE_SHARE_NOT_VERIFIED,RESEARCH_SHADOW_ONLY_BLOCK_SUBMISSION,0,SELF_FINANCING,0,False,True,0,UNKNOWN_BLOCK_SUBMISSION,0,0,24,4065355.403523614,1070765353.8073139,0,0,0,0,0,0,0.20053580497343462,0.03295254485709682,0.8913281267785182,20,26,True,0,0,0,COMPLETE,True,PASS,,0.07076535380731386,,0.04438380517958462,1.8475307293415875,24,24,COMPETITION_UNIVERSE_STRESS_TEST,monthly_2024-01-02,monthly,holdout,24,2023-12-29,coarse_003_return_short_5,walk_forward_later,2024-01-02,2024-02-02,1.0,PASS_INTERNAL_ACCOUNTING
0.1330791752673932,0.043792525984105435,0.26428407457092906,5.102674333605772,0.1330791752673932,0.04378109876092662,0.26435303306529884,5.1014086740146825,7075078.537097923,4091676.032215287,2983402.5048826365,2.640705095733241,0.0,,7,1,130,24,2024-02-01,2024-03-15,1133079175.267393,0,0,0,0,ACTIVE_SHARE_NOT_VERIFIED,RESEARCH_SHADOW_ONLY_BLOCK_SUBMISSION,0,SELF_FINANCING,0,False,True,0,UNKNOWN_BLOCK_SUBMISSION,0,0,22,7075078.537097923,1133079175.267393,0,0,0,0,0,0,0.2070899531177169,0.08160270664114873,0.8666143349784181,20,29,True,0,0,0,COMPLETE,True,PASS,,0.1330791752673932,,0.04378109876092662,2.8713516015545872,24,24,COMPETITION_UNIVERSE_STRESS_TEST,monthly_2024-02-01,monthly,holdout,24,2024-01-31,coarse_003_return_short_5,walk_forward_later,2024-02-01,2024-03-15,1.0,PASS_INTERNAL_ACCOUNTING
0.028455156246642632,0.039803798691757986,0.18752257418514037,1.6619015863868654,0.028455156246642632,0.039796779942580796,0.18762447073543712,1.6610959355456014,7205748.618085653,4158968.487761785,3046780.130323868,2.871249716570481,0.0,,13,0,143,24,2024-03-01,2024-04-03,1028455156.2466426,0,0,0,0,ACTIVE_SHARE_NOT_VERIFIED,RESEARCH_SHADOW_ONLY_BLOCK_SUBMISSION,1,SELF_FINANCING,0,False,True,0,UNKNOWN_BLOCK_SUBMISSION,0,0,24,7205748.618085653,1028455156.2466426,0,0,0,0,0,0,0.19651130208352335,0.06780827806878438,0.861811266391308,20,30,True,0,0,0,COMPLETE,False,FAIL_OTHER,FAIL_OTHER,0.028455156246642632,,0.039796779942580796,2.918574377376691,24,24,COMPETITION_UNIVERSE_STRESS_TEST,monthly_2024-03-01,monthly,holdout,24,2024-02-29,coarse_003_return_short_5,walk_forward_later,2024-03-01,2024-04-03,1.0,PASS_INTERNAL_ACCOUNTING
-0.046994651406902954,0.08896379880660377,0.21694310509369408,-2.2232629926273346,-0.046994651406902954,0.08710898664660383,0.2164822398522274,-2.2284410981072584,5252111.499819494,3220645.1431070557,2031466.3567124384,2.3092652829104137,0.0,0.431582570484389,13,0,131,24,2024-04-01,2024-05-07,953005348.5930971,0,0,0,0,ACTIVE_SHARE_NOT_VERIFIED,RESEARCH_SHADOW_ONLY_BLOCK_SUBMISSION,0,SELF_FINANCING,0,False,True,0,UNKNOWN_BLOCK_SUBMISSION,0,0,24,5252111.499819494,953005348.5930971,0,0,0,0,0,0,0.20630152621639164,0.013793406816571253,0.8724020444025236,20,30,True,0,0,0,COMPLETE,True,PASS,,-0.046994651406902954,,0.08710898664660383,2.260101854811969,24,24,COMPETITION_UNIVERSE_STRESS_TEST,monthly_2024-04-01,monthly,holdout,24,2024-03-29,coarse_003_return_short_5,walk_forward_later,2024-04-01,2024-05-07,1.0,PASS_INTERNAL_ACCOUNTING
0.07185304377575519,0.02830126020125512,0.1344239179808648,5.4921491159575115,0.07185304377575519,0.02830126020125512,0.1344239179808648,5.4921491159575115,6750336.506095714,3876992.4564166027,2873344.0496791117,2.6322603023363795,0.0,0.9216171617161716,13,0,118,24,2024-05-02,2024-06-04,1071853043.7757553,0,0,0,0,ACTIVE_SHARE_NOT_VERIFIED,RESEARCH_SHADOW_ONLY_BLOCK_SUBMISSION,0,SELF_FINANCING,0,False,True,0,UNKNOWN_BLOCK_SUBMISSION,0,0,23,6750336.506095714,1071853043.7757553,0,0,0,0,0,0,0.20303659405572147,0.09783313963053182,0.8624438982305457,20,27,True,0,0,0,COMPLETE,True,PASS,,0.07185304377575519,,0.02830126020125512,2.72069646064323,24,24,COMPETITION_UNIVERSE_STRESS_TEST,monthly_2024-05-02,monthly,holdout,24,2024-04-30,coarse_003_return_short_5,walk_forward_later,2024-05-02,2024-06-04,1.0,PASS_INTERNAL_ACCOUNTING
0.06550857622556694,0.02242915598945916,0.1378974491892712,4.903746223917226,0.06550857622556694,0.021210855989459154,0.1260752072006692,5.351858506997238,7512733.742834527,4311043.005980078,3201690.736854449,3.000383054186681,0.0,10.598039215686274,19,3,173,24,2024-06-03,2024-07-05,1065508576.2255669,0,0,0,0,ACTIVE_SHARE_NOT_VERIFIED,RESEARCH_SHADOW_ONLY_BLOCK_SUBMISSION,0,SELF_FINANCING,0,False,True,0,UNKNOWN_BLOCK_SUBMISSION,0,0,24,7512733.742834527,1065508576.2255669,0,0,0,0,0,0,0.20156450144370186,0.013551173667992968,0.8648169910791775,20,30,True,0,0,0,COMPLETE,True,PASS,,0.06550857622556694,,0.021210855989459154,3.0252933375298796,24,24,COMPETITION_UNIVERSE_STRESS_TEST,monthly_2024-06-03,monthly,holdout,24,2024-05-31,coarse_003_return_short_5,walk_forward_later,2024-06-03,2024-07-05,1.0,PASS_INTERNAL_ACCOUNTING
-0.10787029651056801,0.16085559642647507,0.36277008569461183,-3.118877326222635,-0.10787029651056801,0.16386928237941067,0.3866920947126957,-2.902050849872466,3732339.8637092933,2474767.123144389,1257572.7405649042,1.7097030649481748,0.0,0.3825503355704698,8,0,76,24,2024-07-01,2024-08-05,892129703.489432,0,0,0,0,ACTIVE_SHARE_NOT_VERIFIED,RESEARCH_SHADOW_ONLY_BLOCK_SUBMISSION,0,SELF_FINANCING,0,False,True,0,UNKNOWN_BLOCK_SUBMISSION,0,0,23,3732339.8637092933,892129703.489432,0,0,0,0,0,0,0.20124708801796978,0.062413414451714166,0.8893825555791448,20,26,True,0,0,0,COMPLETE,False,FAIL_ROUND_LOT,FAIL_ROUND_LOT,-0.10787029651056801,,0.16386928237941067,1.7366786829083427,24,24,COMPETITION_UNIVERSE_STRESS_TEST,monthly_2024-07-01,monthly,holdout,24,2024-06-28,coarse_003_return_short_5,walk_forward_later,2024-07-01,2024-08-05,1.0,PASS_INTERNAL_ACCOUNTING
-0.03338196686553607,0.09866311598933375,0.27590753139896756,-1.156190046491385,-0.03338196686553607,0.09866311598933375,0.2769321359058476,-1.1509318738504304,4695172.25079564,2942311.0204588193,1752861.2303368207,2.1194019699332594,0.0,,12,3,103,24,2024-08-01,2024-09-03,966618033.1344639,0,0,0,0,ACTIVE_SHARE_NOT_VERIFIED,RESEARCH_SHADOW_ONLY_BLOCK_SUBMISSION,1,SELF_FINANCING,0,False,True,0,UNKNOWN_BLOCK_SUBMISSION,0,0,23,4695172.25079564,966618033.1344639,0,0,0,0,0,0,0.19827787892792267,0.06836169045750302,0.8798959911127914,20,27,True,0,0,0,COMPLETE,False,FAIL_ROUND_LOT,FAIL_ROUND_LOT,-0.03338196686553607,,0.09866311598933375,2.064779663479873,24,24,COMPETITION_UNIVERSE_STRESS_TEST,monthly_2024-08-01,monthly,holdout,24,2024-07-31,coarse_003_return_short_5,walk_forward_later,2024-08-01,2024-09-03,1.0,PASS_INTERNAL_ACCOUNTING
-0.04373418723162403,0.0831661316089789,0.20731952919629634,-2.163238235508743,-0.04373418723162403,0.0831661316089789,0.20782163264855205,-2.1575404216249314,1304752.1554691195,1304752.1554691195,0.0,0.9160880114324447,0.0,10.788617886178862,5,1,44,24,2024-09-02,2024-10-08,956265812.768376,0,0,0,0,ACTIVE_SHARE_NOT_VERIFIED,RESEARCH_SHADOW_ONLY_BLOCK_SUBMISSION,0,SELF_FINANCING,0,False,True,0,UNKNOWN_BLOCK_SUBMISSION,0,0,23,1304752.1554691195,956265812.768376,0,0,0,0,0,0,0.09787968038422036,0.08683859825841424,0.9079105852216744,20,20,True,0,0,0,COMPLETE,False,FAIL_ROUND_LOT,FAIL_ROUND_LOT,-0.04373418723162403,,0.0831661316089789,0.9156155476976278,24,24,COMPETITION_UNIVERSE_STRESS_TEST,monthly_2024-09-02,monthly,holdout,24,2024-08-30,coarse_003_return_short_5,walk_forward_later,2024-09-02,2024-10-08,1.0,PASS_INTERNAL_ACCOUNTING
0.0809683220405164,0.027379987878220047,0.14133825189552576,5.860988675859938,0.0809683220405164,0.02737735572091815,0.1413326305502421,5.86121643573114,6561201.304406876,3844551.1587897157,2716650.14561716,2.653922591911159,0.0,10.79,19,6,141,24,2024-10-01,2024-11-07,1080968322.0405164,0,0,0,0,ACTIVE_SHARE_NOT_VERIFIED,RESEARCH_SHADOW_ONLY_BLOCK_SUBMISSION,0,SELF_FINANCING,0,False,True,0,UNKNOWN_BLOCK_SUBMISSION,0,0,24,6561201.304406876,1080968322.0405164,0,0,0,0,0,0,0.20076981355868215,0.08671780941323573,0.8671152793124207,20,29,True,0,0,0,COMPLETE,False,FAIL_ROUND_LOT,FAIL_ROUND_LOT,0.0809683220405164,,0.02737735572091815,2.6979306377471692,24,24,COMPETITION_UNIVERSE_STRESS_TEST,monthly_2024-10-01,monthly,holdout,24,2024-09-30,coarse_003_return_short_5,walk_forward_later,2024-10-01,2024-11-07,1.0,PASS_INTERNAL_ACCOUNTING
0.1049993589679512,0.02897007523893902,0.16035583630408018,6.6278503599018155,0.1049993589679512,0.02897007523893902,0.16035583630408018,6.6278503599018155,7199655.0113231875,4154587.4844180318,3045067.5269051567,2.8304927627559238,0.0,5.853658536585366,37,9,146,24,2024-11-01,2024-12-04,1104999358.9679513,0,0,0,0,ACTIVE_SHARE_NOT_VERIFIED,RESEARCH_SHADOW_ONLY_BLOCK_SUBMISSION,0,SELF_FINANCING,0,False,True,0,UNKNOWN_BLOCK_SUBMISSION,0,0,24,7199655.0113231875,1104999358.9679513,0,0,0,0,0,0,0.20661437437157487,0.0959817383336841,0.8529503565517143,20,30,True,0,0,0,COMPLETE,True,PASS,,0.1049993589679512,,0.02897007523893902,2.915499989065285,24,24,COMPETITION_UNIVERSE_STRESS_TEST,monthly_2024-11-01,monthly,holdout,24,2024-10-30,coarse_003_return_short_5,walk_forward_later,2024-11-01,2024-12-04,1.0,PASS_INTERNAL_ACCOUNTING
-0.009392390610025059,0.04189597680530388,0.11712248862989016,-0.7896312291915737,-0.009392390610025059,0.0407742415395278,0.11521040022594883,-0.8046059872682468,7213105.592484283,4094706.586246302,3118399.0062379814,2.850558991503416,0.0,0.876635937573603,16,0,140,24,2024-12-02,2025-01-03,990607609.389975,0,0,0,0,ACTIVE_SHARE_NOT_VERIFIED,RESEARCH_SHADOW_ONLY_BLOCK_SUBMISSION,0,SELF_FINANCING,0,False,True,0,UNKNOWN_BLOCK_SUBMISSION,0,0,24,7213105.592484283,990607609.389975,0,0,0,0,0,0,0.2021085365031973,0.06551638920795447,0.8602651349860188,20,29,True,0,0,0,COMPLETE,True,PASS,,-0.009392390610025059,,0.0407742415395278,2.8734783061377556,24,24,COMPETITION_UNIVERSE_STRESS_TEST,monthly_2024-12-02,monthly,purged,24,2024-11-29,coarse_003_return_short_5,walk_forward_later,2024-12-02,2025-01-03,1.0,PASS_INTERNAL_ACCOUNTING
