target_weight,target_shares,order_shares,expected_return,score,confidence,reason,family,model_ensemble_id,regime,observed_date,prior_regime,market_volatility,median_R5,median_R20,breadth,dispersion,above_EMA20,above_EMA50,model_train_end,latest_label_end,expert_weights,uncertainty,sign_agreement,lower_bound,upper_bound,symbol,signal_date,decision_date
0.095444325,2618000,2618000,0.021471114492964377,0.021471114492964377,0.2670736067075806,D-1 estimated accounting; fill-day constraints require ledger audit,adaptive,V4_CAUSAL_7_EXPERTS_RIDGE_ANCHOR20,risk_on,2017-12-29,risk_on,0.014803871747552284,0.0063157467681153046,0.00755147049339977,0.6159420289855072,0.07994839589528971,0.6884057971014492,0.6376811594202898,2017-12-26,2017-12-05,"{""long_momentum"": 0.1323758615655201, ""mean_reversion"": 0.11409279402317446, ""medium_momentum"": 0.12453613172481781, ""ridge"": 0.13692005288393705, ""risk_adjusted"": 0.1294694992505047, ""short_momentum"": 0.11573286991671736, ""trend"": 0.13171940824113376, ""volume_momentum"": 0.11515338239419477}",0.05002760029211276,0.7718144119536512,-0.04911663624348407,0.08523030790681323,1101.TW,2017-12-29,2018-01-02
0.02995545,303000,303000,0.014507997514556085,0.014507997514556085,0.20597295528065862,D-1 estimated accounting; fill-day constraints require ledger audit,adaptive,V4_CAUSAL_7_EXPERTS_RIDGE_ANCHOR20,risk_on,2017-12-29,risk_on,0.014803871747552284,0.0063157467681153046,0.00755147049339977,0.6159420289855072,0.07994839589528971,0.6884057971014492,0.6376811594202898,2017-12-26,2017-12-05,"{""long_momentum"": 0.1323758615655201, ""mean_reversion"": 0.11409279402317446, ""medium_momentum"": 0.12453613172481781, ""ridge"": 0.13692005288393705, ""risk_adjusted"": 0.1294694992505047, ""short_momentum"": 0.11573286991671736, ""trend"": 0.13171940824113376, ""volume_momentum"": 0.11515338239419477}",0.05359166554351066,0.7718144119536512,-0.06504222650942318,0.08722966421593575,1301.TW,2017-12-29,2018-01-02
0.00011685,1000,1000,0.00953496384936529,0.00953496384936529,0.17376378927413536,D-1 estimated accounting; fill-day constraints require ledger audit,adaptive,V4_CAUSAL_7_EXPERTS_RIDGE_ANCHOR20,risk_on,2017-12-29,risk_on,0.014803871747552284,0.0063157467681153046,0.00755147049339977,0.6159420289855072,0.07994839589528971,0.6884057971014492,0.6376811594202898,2017-12-26,2017-12-05,"{""long_momentum"": 0.1323758615655201, ""mean_reversion"": 0.11409279402317446, ""medium_momentum"": 0.12453613172481781, ""ridge"": 0.13692005288393705, ""risk_adjusted"": 0.1294694992505047, ""short_momentum"": 0.11573286991671736, ""trend"": 0.13171940824113376, ""volume_momentum"": 0.11515338239419477}",0.05002563662457527,0.7718144119536512,-0.06104669233991043,0.07328806271604142,1303.TW,2017-12-29,2018-01-02
0.0953265,925000,925000,0.018295181550505656,0.018295181550505656,0.20809763952026472,D-1 estimated accounting; fill-day constraints require ledger audit,adaptive,V4_CAUSAL_7_EXPERTS_RIDGE_ANCHOR20,risk_on,2017-12-29,risk_on,0.014803871747552284,0.0063157467681153046,0.00755147049339977,0.6159420289855072,0.07994839589528971,0.6884057971014492,0.6376811594202898,2017-12-26,2017-12-05,"{""long_momentum"": 0.1323758615655201, ""mean_reversion"": 0.11409279402317446, ""medium_momentum"": 0.12453613172481781, ""ridge"": 0.13692005288393705, ""risk_adjusted"": 0.1294694992505047, ""short_momentum"": 0.11573286991671736, ""trend"": 0.13171940824113376, ""volume_momentum"": 0.11515338239419477}",0.06310443783588437,0.7718144119536512,-0.07787603112409633,0.10763783690250806,1326.TW,2017-12-29,2018-01-02
4.02e-05,1000,1000,0.011173442791053322,0.011173442791053322,0.1744676524654401,D-1 estimated accounting; fill-day constraints require ledger audit,adaptive,V4_CAUSAL_7_EXPERTS_RIDGE_ANCHOR20,risk_on,2017-12-29,risk_on,0.014803871747552284,0.0063157467681153046,0.00755147049339977,0.6159420289855072,0.07994839589528971,0.6884057971014492,0.6376811594202898,2017-12-26,2017-12-05,"{""long_momentum"": 0.1323758615655201, ""mean_reversion"": 0.11409279402317446, ""medium_momentum"": 0.12453613172481781, ""ridge"": 0.13692005288393705, ""risk_adjusted"": 0.1294694992505047, ""short_momentum"": 0.11573286991671736, ""trend"": 0.13171940824113376, ""volume_momentum"": 0.11515338239419477}",0.055375042332947225,0.7718144119536512,-0.07199007708428043,0.08750840534378748,1402.TW,2017-12-29,2018-01-02
3.1275e-05,1000,1000,0.013356895004852374,0.013356895004852374,0.16745217032130458,D-1 estimated accounting; fill-day constraints require ledger audit,adaptive,V4_CAUSAL_7_EXPERTS_RIDGE_ANCHOR20,risk_on,2017-12-29,risk_on,0.014803871747552284,0.0063157467681153046,0.00755147049339977,0.6159420289855072,0.07994839589528971,0.6884057971014492,0.6376811594202898,2017-12-26,2017-12-05,"{""long_momentum"": 0.1323758615655201, ""mean_reversion"": 0.11409279402317446, ""medium_momentum"": 0.12453613172481781, ""ridge"": 0.13692005288393705, ""risk_adjusted"": 0.1294694992505047, ""short_momentum"": 0.11573286991671736, ""trend"": 0.13171940824113376, ""volume_momentum"": 0.11515338239419477}",0.0662530332885791,0.7718144119536512,-0.0874407350933086,0.10732596778041376,1519.TW,2017-12-29,2018-01-02
0.0008025,1000,1000,0.011382644848522035,0.011382644848522035,0.16096776923294367,D-1 estimated accounting; fill-day constraints require ledger audit,adaptive,V4_CAUSAL_7_EXPERTS_RIDGE_ANCHOR20,risk_on,2017-12-29,risk_on,0.014803871747552284,0.0063157467681153046,0.00755147049339977,0.6159420289855072,0.07994839589528971,0.6884057971014492,0.6376811594202898,2017-12-26,2017-12-05,"{""long_momentum"": 0.1323758615655201, ""mean_reversion"": 0.11409279402317446, ""medium_momentum"": 0.12453613172481781, ""ridge"": 0.13692005288393705, ""risk_adjusted"": 0.1294694992505047, ""short_momentum"": 0.11573286991671736, ""trend"": 0.13171940824113376, ""volume_momentum"": 0.11515338239419477}",0.06216948680032579,0.7718144119536512,-0.0833598932337978,0.09929662560824229,1590.TW,2017-12-29,2018-01-02
0.0954318,4501000,4501000,0.06465225163581267,0.06465225163581267,0.24608384846411888,D-1 estimated accounting; fill-day constraints require ledger audit,adaptive,V4_CAUSAL_7_EXPERTS_RIDGE_ANCHOR20,risk_on,2017-12-29,risk_on,0.014803871747552284,0.0063157467681153046,0.00755147049339977,0.6159420289855072,0.07994839589528971,0.6884057971014492,0.6376811594202898,2017-12-26,2017-12-05,"{""long_momentum"": 0.1323758615655201, ""mean_reversion"": 0.11409279402317446, ""medium_momentum"": 0.12453613172481781, ""ridge"": 0.13692005288393705, ""risk_adjusted"": 0.1294694992505047, ""short_momentum"": 0.11573286991671736, ""trend"": 0.13171940824113376, ""volume_momentum"": 0.11515338239419477}",0.14880422965325074,0.7718144119536512,-0.1308806525243533,0.25335659847337905,1785.TWO,2017-12-29,2018-01-02
0.095445675,4270000,4270000,0.037721878148149916,0.037721878148149916,0.23914976527376888,D-1 estimated accounting; fill-day constraints require ledger audit,adaptive,V4_CAUSAL_7_EXPERTS_RIDGE_ANCHOR20,risk_on,2017-12-29,risk_on,0.014803871747552284,0.0063157467681153046,0.00755147049339977,0.6159420289855072,0.07994839589528971,0.6884057971014492,0.6376811594202898,2017-12-26,2017-12-05,"{""long_momentum"": 0.1323758615655201, ""mean_reversion"": 0.11409279402317446, ""medium_momentum"": 0.12453613172481781, ""ridge"": 0.13692005288393705, ""risk_adjusted"": 0.1294694992505047, ""short_momentum"": 0.11573286991671736, ""trend"": 0.13171940824113376, ""volume_momentum"": 0.11515338239419477}",0.0951555779418584,0.7718144119536512,-0.09927742481573473,0.16789262378943498,1802.TW,2017-12-29,2018-01-02
0.095447625,4195000,4195000,0.07497724350095723,0.07497724350095723,0.3537662377915936,D-1 estimated accounting; fill-day constraints require ledger audit,adaptive,V4_CAUSAL_7_EXPERTS_RIDGE_ANCHOR20,risk_on,2017-12-29,risk_on,0.014803871747552284,0.0063157467681153046,0.00755147049339977,0.6159420289855072,0.07994839589528971,0.6884057971014492,0.6376811594202898,2017-12-26,2017-12-05,"{""long_momentum"": 0.1323758615655201, ""mean_reversion"": 0.11409279402317446, ""medium_momentum"": 0.12453613172481781, ""ridge"": 0.13692005288393705, ""risk_adjusted"": 0.1294694992505047, ""short_momentum"": 0.11573286991671736, ""trend"": 0.13171940824113376, ""volume_momentum"": 0.11515338239419477}",0.09450969891532128,0.7718144119536512,-0.061276562061455334,0.2044024917407702,1815.TWO,2017-12-29,2018-01-02
6.09e-05,1000,1000,0.010007701594070148,0.010007701594070148,0.17716357931118273,D-1 estimated accounting; fill-day constraints require ledger audit,adaptive,V4_CAUSAL_7_EXPERTS_RIDGE_ANCHOR20,risk_on,2017-12-29,risk_on,0.014803871747552284,0.0063157467681153046,0.00755147049339977,0.6159420289855072,0.07994839589528971,0.6884057971014492,0.6376811594202898,2017-12-26,2017-12-05,"{""long_momentum"": 0.1323758615655201, ""mean_reversion"": 0.11409279402317446, ""medium_momentum"": 0.12453613172481781, ""ridge"": 0.13692005288393705, ""risk_adjusted"": 0.1294694992505047, ""short_momentum"": 0.11573286991671736, ""trend"": 0.13171940824113376, ""volume_momentum"": 0.11515338239419477}",0.05037345871912062,0.7718144119536512,-0.061623250724495995,0.07481009659003669,2301.TW,2017-12-29,2018-01-02
0.0174735,49000,49000,0.019201579718627283,0.019201579718627283,0.1704452414440405,D-1 estimated accounting; fill-day constraints require ledger audit,adaptive,V4_CAUSAL_7_EXPERTS_RIDGE_ANCHOR20,risk_on,2017-12-29,risk_on,0.014803871747552284,0.0063157467681153046,0.00755147049339977,0.6159420289855072,0.07994839589528971,0.6884057971014492,0.6376811594202898,2017-12-26,2017-12-05,"{""long_momentum"": 0.1323758615655201, ""mean_reversion"": 0.11409279402317446, ""medium_momentum"": 0.12453613172481781, ""ridge"": 0.13692005288393705, ""risk_adjusted"": 0.1294694992505047, ""short_momentum"": 0.11573286991671736, ""trend"": 0.13171940824113376, ""volume_momentum"": 0.11515338239419477}",0.08538861981190253,0.7718144119536512,-0.10631634776040282,0.1378909498750578,2327.TW,2017-12-29,2018-01-02
8.1e-05,1000,1000,0.011572715989339406,0.011572715989339406,0.18207131465306842,D-1 estimated accounting; fill-day constraints require ledger audit,adaptive,V4_CAUSAL_7_EXPERTS_RIDGE_ANCHOR20,risk_on,2017-12-29,risk_on,0.014803871747552284,0.0063157467681153046,0.00755147049339977,0.6159420289855072,0.07994839589528971,0.6884057971014492,0.6376811594202898,2017-12-26,2017-12-05,"{""long_momentum"": 0.1323758615655201, ""mean_reversion"": 0.11409279402317446, ""medium_momentum"": 0.12453613172481781, ""ridge"": 0.13692005288393705, ""risk_adjusted"": 0.1294694992505047, ""short_momentum"": 0.11573286991671736, ""trend"": 0.13171940824113376, ""volume_momentum"": 0.11515338239419477}",0.053680311348656494,0.7718144119536512,-0.0681663435771119,0.0844832182331911,2376.TW,2017-12-29,2018-01-02
1.5225e-05,1000,1000,0.01000149249018855,0.01000149249018855,0.18214280500728627,D-1 estimated accounting; fill-day constraints require ledger audit,adaptive,V4_CAUSAL_7_EXPERTS_RIDGE_ANCHOR20,risk_on,2017-12-29,risk_on,0.014803871747552284,0.0063157467681153046,0.00755147049339977,0.6159420289855072,0.07994839589528971,0.6884057971014492,0.6376811594202898,2017-12-26,2017-12-05,"{""long_momentum"": 0.1323758615655201, ""mean_reversion"": 0.11409279402317446, ""medium_momentum"": 0.12453613172481781, ""ridge"": 0.13692005288393705, ""risk_adjusted"": 0.1294694992505047, ""short_momentum"": 0.11573286991671736, ""trend"": 0.13171940824113376, ""volume_momentum"": 0.11515338239419477}",0.04856603686832122,0.7718144119536512,-0.055225967542164,0.06840039519994151,2883.TW,2017-12-29,2018-01-02
0.0954583,2199000,2199000,0.021502071844633507,0.021502071844633507,0.2464310894583401,D-1 estimated accounting; fill-day constraints require ledger audit,adaptive,V4_CAUSAL_7_EXPERTS_RIDGE_ANCHOR20,risk_on,2017-12-29,risk_on,0.014803871747552284,0.0063157467681153046,0.00755147049339977,0.6159420289855072,0.07994839589528971,0.6884057971014492,0.6376811594202898,2017-12-26,2017-12-05,"{""long_momentum"": 0.1323758615655201, ""mean_reversion"": 0.11409279402317446, ""medium_momentum"": 0.12453613172481781, ""ridge"": 0.13692005288393705, ""risk_adjusted"": 0.1294694992505047, ""short_momentum"": 0.11573286991671736, ""trend"": 0.13171940824113376, ""volume_momentum"": 0.11515338239419477}",0.056501582610163484,0.7718144119536512,-0.06377920934269679,0.09995479570936422,3163.TWO,2017-12-29,2018-01-02
0.00011325,1000,1000,0.010681617946198037,0.010681617946198037,0.1829561684016265,D-1 estimated accounting; fill-day constraints require ledger audit,adaptive,V4_CAUSAL_7_EXPERTS_RIDGE_ANCHOR20,risk_on,2017-12-29,risk_on,0.014803871747552284,0.0063157467681153046,0.00755147049339977,0.6159420289855072,0.07994839589528971,0.6884057971014492,0.6376811594202898,2017-12-26,2017-12-05,"{""long_momentum"": 0.1323758615655201, ""mean_reversion"": 0.11409279402317446, ""medium_momentum"": 0.12453613172481781, ""ridge"": 0.13692005288393705, ""risk_adjusted"": 0.1294694992505047, ""short_momentum"": 0.11573286991671736, ""trend"": 0.13171940824113376, ""volume_momentum"": 0.11515338239419477}",0.050472471524332554,0.7718144119536512,-0.06123776793703613,0.07577244650683261,3491.TWO,2017-12-29,2018-01-02
0.0954345,223000,223000,0.023305834586580185,0.023305834586580185,0.17176295624328283,D-1 estimated accounting; fill-day constraints require ledger audit,adaptive,V4_CAUSAL_7_EXPERTS_RIDGE_ANCHOR20,risk_on,2017-12-29,risk_on,0.014803871747552284,0.0063157467681153046,0.00755147049339977,0.6159420289855072,0.07994839589528971,0.6884057971014492,0.6376811594202898,2017-12-26,2017-12-05,"{""long_momentum"": 0.1323758615655201, ""mean_reversion"": 0.11409279402317446, ""medium_momentum"": 0.12453613172481781, ""ridge"": 0.13692005288393705, ""risk_adjusted"": 0.1294694992505047, ""short_momentum"": 0.11573286991671736, ""trend"": 0.13171940824113376, ""volume_momentum"": 0.11515338239419477}",0.09888603235680839,0.7718144119536512,-0.11796805822386867,0.15775117007442946,3529.TWO,2017-12-29,2018-01-02
0.095445,472000,472000,0.02959261457589525,0.02959261457589525,0.2783393796086077,D-1 estimated accounting; fill-day constraints require ledger audit,adaptive,V4_CAUSAL_7_EXPERTS_RIDGE_ANCHOR20,risk_on,2017-12-29,risk_on,0.014803871747552284,0.0063157467681153046,0.00755147049339977,0.6159420289855072,0.07994839589528971,0.6884057971014492,0.6376811594202898,2017-12-26,2017-12-05,"{""long_momentum"": 0.1323758615655201, ""mean_reversion"": 0.11409279402317446, ""medium_momentum"": 0.12453613172481781, ""ridge"": 0.13692005288393705, ""risk_adjusted"": 0.1294694992505047, ""short_momentum"": 0.11573286991671736, ""trend"": 0.13171940824113376, ""volume_momentum"": 0.11515338239419477}",0.06133013453124625,0.7718144119536512,-0.0638418290108266,0.11619850084001751,3533.TW,2017-12-29,2018-01-02
0.0003105,1000,1000,0.010474142168896057,0.010474142168896057,0.17963842017551443,D-1 estimated accounting; fill-day constraints require ledger audit,adaptive,V4_CAUSAL_7_EXPERTS_RIDGE_ANCHOR20,risk_on,2017-12-29,risk_on,0.014803871747552284,0.0063157467681153046,0.00755147049339977,0.6159420289855072,0.07994839589528971,0.6884057971014492,0.6376811594202898,2017-12-26,2017-12-05,"{""long_momentum"": 0.1323758615655201, ""mean_reversion"": 0.11409279402317446, ""medium_momentum"": 0.12453613172481781, ""ridge"": 0.13692005288393705, ""risk_adjusted"": 0.1294694992505047, ""short_momentum"": 0.11573286991671736, ""trend"": 0.13171940824113376, ""volume_momentum"": 0.11515338239419477}",0.05072777828812748,0.7685342601665652,-0.06217035937554459,0.0762900863907371,5536.TWO,2017-12-29,2018-01-02
0.00102,1000,1000,0.01050498789547216,0.01050498789547216,0.1541184269842017,D-1 estimated accounting; fill-day constraints require ledger audit,adaptive,V4_CAUSAL_7_EXPERTS_RIDGE_ANCHOR20,risk_on,2017-12-29,risk_on,0.014803871747552284,0.0063157467681153046,0.00755147049339977,0.6159420289855072,0.07994839589528971,0.6884057971014492,0.6376811594202898,2017-12-26,2017-12-05,"{""long_momentum"": 0.1323758615655201, ""mean_reversion"": 0.11409279402317446, ""medium_momentum"": 0.12453613172481781, ""ridge"": 0.13692005288393705, ""risk_adjusted"": 0.1294694992505047, ""short_momentum"": 0.11573286991671736, ""trend"": 0.13171940824113376, ""volume_momentum"": 0.11515338239419477}",0.062142917997825266,0.7718144119536512,-0.08419652727129062,0.09837794573963535,6415.TW,2017-12-29,2018-01-02
0.09515675,218000,218000,0.016434839071011672,0.016434839071011672,0.23360035301677837,D-1 estimated accounting; fill-day constraints require ledger audit,adaptive,V4_CAUSAL_7_EXPERTS_RIDGE_ANCHOR20,risk_on,2017-12-29,risk_on,0.014803871747552284,0.0063157467681153046,0.00755147049339977,0.6159420289855072,0.07994839589528971,0.6884057971014492,0.6376811594202898,2017-12-26,2017-12-05,"{""long_momentum"": 0.1323758615655201, ""mean_reversion"": 0.11409279402317446, ""medium_momentum"": 0.12453613172481781, ""ridge"": 0.13692005288393705, ""risk_adjusted"": 0.1294694992505047, ""short_momentum"": 0.11573286991671736, ""trend"": 0.13171940824113376, ""volume_momentum"": 0.11515338239419477}",0.049385763292229476,0.7718144119536512,-0.052034849305296255,0.07807597012472,6548.TWO,2017-12-29,2018-01-02
3.48e-05,1000,1000,0.013243782713622126,0.013243782713622126,0.142222280946379,D-1 estimated accounting; fill-day constraints require ledger audit,adaptive,V4_CAUSAL_7_EXPERTS_RIDGE_ANCHOR20,risk_on,2017-12-29,risk_on,0.014803871747552284,0.0063157467681153046,0.00755147049339977,0.6159420289855072,0.07994839589528971,0.6884057971014492,0.6376811594202898,2017-12-26,2017-12-05,"{""long_momentum"": 0.1323758615655201, ""mean_reversion"": 0.11409279402317446, ""medium_momentum"": 0.12453613172481781, ""ridge"": 0.13692005288393705, ""risk_adjusted"": 0.1294694992505047, ""short_momentum"": 0.11573286991671736, ""trend"": 0.13171940824113376, ""volume_momentum"": 0.11515338239419477}",0.05107027763021501,0.5403486721202163,-0.060335664252374674,0.07999467235701935,8415.TWO,2017-12-29,2018-01-02
0.095486875,2612000,2612000,0.018237538130213234,0.018237538130213234,0.24267402720350953,D-1 estimated accounting; fill-day constraints require ledger audit,adaptive,V4_CAUSAL_7_EXPERTS_RIDGE_ANCHOR20,risk_on,2018-01-02,risk_on,0.014857758957231055,0.010596143340365627,0.006165808637619397,0.7246376811594203,0.08037487242033843,0.7391304347826086,0.7028985507246377,2017-12-26,2017-12-05,"{""long_momentum"": 0.1323758615655201, ""mean_reversion"": 0.11409279402317446, ""medium_momentum"": 0.12453613172481781, ""ridge"": 0.13692005288393705, ""risk_adjusted"": 0.1294694992505047, ""short_momentum"": 0.11573286991671736, ""trend"": 0.13171940824113376, ""volume_momentum"": 0.11515338239419477}",0.05066846258151724,0.7718144119536512,-0.05424077706316923,0.08388729600099609,1101.TW,2018-01-02,2018-01-03
0.09550035,973000,973000,0.013524914855737185,0.013524914855737185,0.2789402197631771,D-1 estimated accounting; fill-day constraints require ledger audit,adaptive,V4_CAUSAL_7_EXPERTS_RIDGE_ANCHOR20,risk_on,2018-01-02,risk_on,0.014857758957231055,0.010596143340365627,0.006165808637619397,0.7246376811594203,0.08037487242033843,0.7391304347826086,0.7028985507246377,2017-12-26,2017-12-05,"{""long_momentum"": 0.1323758615655201, ""mean_reversion"": 0.11409279402317446, ""medium_momentum"": 0.12453613172481781, ""ridge"": 0.13692005288393705, ""risk_adjusted"": 0.1294694992505047, ""short_momentum"": 0.11573286991671736, ""trend"": 0.13171940824113376, ""volume_momentum"": 0.11515338239419477}",0.04788685922067608,1.0,-0.048033313733390315,0.06825458612226509,1301.TW,2018-01-02,2018-01-03
0.09547875,922000,922000,0.018979156832981573,0.018979156832981573,0.23870613142814257,D-1 estimated accounting; fill-day constraints require ledger audit,adaptive,V4_CAUSAL_7_EXPERTS_RIDGE_ANCHOR20,risk_on,2018-01-02,risk_on,0.014857758957231055,0.010596143340365627,0.006165808637619397,0.7246376811594203,0.08037487242033843,0.7391304347826086,0.7028985507246377,2017-12-26,2017-12-05,"{""long_momentum"": 0.1323758615655201, ""mean_reversion"": 0.11409279402317446, ""medium_momentum"": 0.12453613172481781, ""ridge"": 0.13692005288393705, ""risk_adjusted"": 0.1294694992505047, ""short_momentum"": 0.11573286991671736, ""trend"": 0.13171940824113376, ""volume_momentum"": 0.11515338239419477}",0.05355324134826636,0.7718144119536512,-0.06048886954839813,0.09161862589176167,1326.TW,2018-01-02,2018-01-03
4.02e-05,1000,1000,0.011843451203058014,0.011843451203058014,0.1820537350035165,D-1 estimated accounting; fill-day constraints require ledger audit,adaptive,V4_CAUSAL_7_EXPERTS_RIDGE_ANCHOR20,risk_on,2018-01-02,risk_on,0.014857758957231055,0.010596143340365627,0.006165808637619397,0.7246376811594203,0.08037487242033843,0.7391304347826086,0.7028985507246377,2017-12-26,2017-12-05,"{""long_momentum"": 0.1323758615655201, ""mean_reversion"": 0.11409279402317446, ""medium_momentum"": 0.12453613172481781, ""ridge"": 0.13692005288393705, ""risk_adjusted"": 0.1294694992505047, ""short_momentum"": 0.11573286991671736, ""trend"": 0.13171940824113376, ""volume_momentum"": 0.11515338239419477}",0.05456413834904393,0.7718144119536512,-0.06972231333462864,0.08658065841814508,1402.TW,2018-01-02,2018-01-03
3.135e-05,1000,1000,0.013578042851642422,0.013578042851642422,0.1675376985330319,D-1 estimated accounting; fill-day constraints require ledger audit,adaptive,V4_CAUSAL_7_EXPERTS_RIDGE_ANCHOR20,risk_on,2018-01-02,risk_on,0.014857758957231055,0.010596143340365627,0.006165808637619397,0.7246376811594203,0.08037487242033843,0.7391304347826086,0.7028985507246377,2017-12-26,2017-12-05,"{""long_momentum"": 0.1323758615655201, ""mean_reversion"": 0.11409279402317446, ""medium_momentum"": 0.12453613172481781, ""ridge"": 0.13692005288393705, ""risk_adjusted"": 0.1294694992505047, ""short_momentum"": 0.11573286991671736, ""trend"": 0.13171940824113376, ""volume_momentum"": 0.11515338239419477}",0.0670074781644713,0.7718144119536512,-0.08829215371202706,0.1086196820927123,1519.TW,2018-01-02,2018-01-03
2.7e-05,1000,1000,0.014007044271443886,0.014007044271443886,0.20411976799212456,D-1 estimated accounting; fill-day constraints require ledger audit,adaptive,V4_CAUSAL_7_EXPERTS_RIDGE_ANCHOR20,risk_on,2018-01-02,risk_on,0.014857758957231055,0.010596143340365627,0.006165808637619397,0.7246376811594203,0.08037487242033843,0.7391304347826086,0.7028985507246377,2017-12-26,2017-12-05,"{""long_momentum"": 0.1323758615655201, ""mean_reversion"": 0.11409279402317446, ""medium_momentum"": 0.12453613172481781, ""ridge"": 0.13692005288393705, ""risk_adjusted"": 0.1294694992505047, ""short_momentum"": 0.11573286991671736, ""trend"": 0.13171940824113376, ""volume_momentum"": 0.11515338239419477}",0.0528620884521808,0.7718144119536512,-0.0639440953927802,0.08512962661306837,1605.TW,2018-01-02,2018-01-03
0.095505325,4125000,4125000,0.0741513772362993,0.0741513772362993,0.26653464516099135,D-1 estimated accounting; fill-day constraints require ledger audit,adaptive,V4_CAUSAL_7_EXPERTS_RIDGE_ANCHOR20,risk_on,2018-01-02,risk_on,0.014857758957231055,0.010596143340365627,0.006165808637619397,0.7246376811594203,0.08037487242033843,0.7391304347826086,0.7028985507246377,2017-12-26,2017-12-05,"{""long_momentum"": 0.1323758615655201, ""mean_reversion"": 0.11409279402317446, ""medium_momentum"": 0.12453613172481781, ""ridge"": 0.13692005288393705, ""risk_adjusted"": 0.1294694992505047, ""short_momentum"": 0.11573286991671736, ""trend"": 0.13171940824113376, ""volume_momentum"": 0.11515338239419477}",0.15005024734071012,0.7718144119536512,-0.12269527331565588,0.26416947046565487,1785.TWO,2018-01-02,2018-01-03
0.095499725,4311000,4311000,0.03258570348532125,0.03258570348532125,0.2642148617924518,D-1 estimated accounting; fill-day constraints require ledger audit,adaptive,V4_CAUSAL_7_EXPERTS_RIDGE_ANCHOR20,risk_on,2018-01-02,risk_on,0.014857758957231055,0.010596143340365627,0.006165808637619397,0.7246376811594203,0.08037487242033843,0.7391304347826086,0.7028985507246377,2017-12-26,2017-12-05,"{""long_momentum"": 0.1323758615655201, ""mean_reversion"": 0.11409279402317446, ""medium_momentum"": 0.12453613172481781, ""ridge"": 0.13692005288393705, ""risk_adjusted"": 0.1294694992505047, ""short_momentum"": 0.11573286991671736, ""trend"": 0.13171940824113376, ""volume_momentum"": 0.11515338239419477}",0.0722082249734611,0.7718144119536512,-0.07638887164273112,0.13473172129077401,1802.TW,2018-01-02,2018-01-03
0.095508,3979000,3979000,0.07904313409027329,0.07904313409027329,0.3548125495523453,D-1 estimated accounting; fill-day constraints require ledger audit,adaptive,V4_CAUSAL_7_EXPERTS_RIDGE_ANCHOR20,risk_on,2018-01-02,risk_on,0.014857758957231055,0.010596143340365627,0.006165808637619397,0.7246376811594203,0.08037487242033843,0.7391304347826086,0.7028985507246377,2017-12-26,2017-12-05,"{""long_momentum"": 0.1323758615655201, ""mean_reversion"": 0.11409279402317446, ""medium_momentum"": 0.12453613172481781, ""ridge"": 0.13692005288393705, ""risk_adjusted"": 0.1294694992505047, ""short_momentum"": 0.11573286991671736, ""trend"": 0.13171940824113376, ""volume_momentum"": 0.11515338239419477}",0.09877368622362187,0.7718144119536512,-0.06210275934492378,0.21336047020287074,1815.TWO,2018-01-02,2018-01-03
0.000531,1000,1000,0.016950590770185632,0.016950590770185632,0.20113095559028174,D-1 estimated accounting; fill-day constraints require ledger audit,adaptive,V4_CAUSAL_7_EXPERTS_RIDGE_ANCHOR20,risk_on,2018-01-02,risk_on,0.014857758957231055,0.010596143340365627,0.006165808637619397,0.7246376811594203,0.08037487242033843,0.7391304347826086,0.7028985507246377,2017-12-26,2017-12-05,"{""long_momentum"": 0.1323758615655201, ""mean_reversion"": 0.11409279402317446, ""medium_momentum"": 0.12453613172481781, ""ridge"": 0.13692005288393705, ""risk_adjusted"": 0.1294694992505047, ""short_momentum"": 0.11573286991671736, ""trend"": 0.13171940824113376, ""volume_momentum"": 0.11515338239419477}",0.06228200414592316,0.7718144119536512,-0.07796540926358367,0.10503803348135532,2327.TW,2018-01-02,2018-01-03
0.00016725,1000,1000,0.017351128463430274,0.017351128463430274,0.15864754907002585,D-1 estimated accounting; fill-day constraints require ledger audit,adaptive,V4_CAUSAL_7_EXPERTS_RIDGE_ANCHOR20,risk_on,2018-01-02,risk_on,0.014857758957231055,0.010596143340365627,0.006165808637619397,0.7246376811594203,0.08037487242033843,0.7391304347826086,0.7028985507246377,2017-12-26,2017-12-05,"{""long_momentum"": 0.1323758615655201, ""mean_reversion"": 0.11409279402317446, ""medium_momentum"": 0.12453613172481781, ""ridge"": 0.13692005288393705, ""risk_adjusted"": 0.1294694992505047, ""short_momentum"": 0.11573286991671736, ""trend"": 0.13171940824113376, ""volume_momentum"": 0.11515338239419477}",0.08638627827638973,0.7718144119536512,-0.10936270400342678,0.13723640360768774,2345.TW,2018-01-02,2018-01-03
0.09552045,1195000,1195000,0.024452232661289645,0.024452232661289645,0.21643970006021504,D-1 estimated accounting; fill-day constraints require ledger audit,adaptive,V4_CAUSAL_7_EXPERTS_RIDGE_ANCHOR20,risk_on,2018-01-02,risk_on,0.014857758957231055,0.010596143340365627,0.006165808637619397,0.7246376811594203,0.08037487242033843,0.7391304347826086,0.7028985507246377,2017-12-26,2017-12-05,"{""long_momentum"": 0.1323758615655201, ""mean_reversion"": 0.11409279402317446, ""medium_momentum"": 0.12453613172481781, ""ridge"": 0.13692005288393705, ""risk_adjusted"": 0.1294694992505047, ""short_momentum"": 0.11573286991671736, ""trend"": 0.13171940824113376, ""volume_momentum"": 0.11515338239419477}",0.07557312833242491,0.7718144119536512,-0.08890736231187193,0.13098327031185164,2377.TW,2018-01-02,2018-01-03
2.6925e-05,1000,1000,0.013861238802623847,0.013861238802623847,0.15028382128683204,D-1 estimated accounting; fill-day constraints require ledger audit,adaptive,V4_CAUSAL_7_EXPERTS_RIDGE_ANCHOR20,risk_on,2018-01-02,risk_on,0.014857758957231055,0.010596143340365627,0.006165808637619397,0.7246376811594203,0.08037487242033843,0.7391304347826086,0.7028985507246377,2017-12-26,2017-12-05,"{""long_momentum"": 0.1323758615655201, ""mean_reversion"": 0.11409279402317446, ""medium_momentum"": 0.12453613172481781, ""ridge"": 0.13692005288393705, ""risk_adjusted"": 0.1294694992505047, ""short_momentum"": 0.11573286991671736, ""trend"": 0.13171940824113376, ""volume_momentum"": 0.11515338239419477}",0.07800465009023491,0.7718144119536512,-0.10258769270414486,0.12348161298679297,2603.TW,2018-01-02,2018-01-03
1.86e-05,1000,1000,0.015563559776424384,0.015563559776424384,0.13579158448971537,D-1 estimated accounting; fill-day constraints require ledger audit,adaptive,V4_CAUSAL_7_EXPERTS_RIDGE_ANCHOR20,risk_on,2018-01-02,risk_on,0.014857758957231055,0.010596143340365627,0.006165808637619397,0.7246376811594203,0.08037487242033843,0.7391304347826086,0.7028985507246377,2017-12-26,2017-12-05,"{""long_momentum"": 0.1323758615655201, ""mean_reversion"": 0.11409279402317446, ""medium_momentum"": 0.12453613172481781, ""ridge"": 0.13692005288393705, ""risk_adjusted"": 0.1294694992505047, ""short_momentum"": 0.11573286991671736, ""trend"": 0.13171940824113376, ""volume_momentum"": 0.11515338239419477}",0.09631593504762198,0.7718144119536512,-0.12277091863240332,0.14706948086265248,2609.TW,2018-01-02,2018-01-03
6.4125e-05,1000,1000,0.016761820266279273,0.016761820266279273,0.1613569142370923,D-1 estimated accounting; fill-day constraints require ledger audit,adaptive,V4_CAUSAL_7_EXPERTS_RIDGE_ANCHOR20,risk_on,2018-01-02,risk_on,0.014857758957231055,0.010596143340365627,0.006165808637619397,0.7246376811594203,0.08037487242033843,0.7391304347826086,0.7028985507246377,2017-12-26,2017-12-05,"{""long_momentum"": 0.1323758615655201, ""mean_reversion"": 0.11409279402317446, ""medium_momentum"": 0.12453613172481781, ""ridge"": 0.13692005288393705, ""risk_adjusted"": 0.1294694992505047, ""short_momentum"": 0.11573286991671736, ""trend"": 0.13171940824113376, ""volume_momentum"": 0.11515338239419477}",0.051113709979202435,0.5403486721202163,-0.0569333754136719,0.08362845862363084,3163.TWO,2018-01-02,2018-01-03
0.00011564999999999997,1000,1000,0.013269190699198156,0.013269190699198156,0.18897002866667584,D-1 estimated accounting; fill-day constraints require ledger audit,adaptive,V4_CAUSAL_7_EXPERTS_RIDGE_ANCHOR20,risk_on,2018-01-02,risk_on,0.014857758957231055,0.010596143340365627,0.006165808637619397,0.7246376811594203,0.08037487242033843,0.7391304347826086,0.7028985507246377,2017-12-26,2017-12-05,"{""long_momentum"": 0.1323758615655201, ""mean_reversion"": 0.11409279402317446, ""medium_momentum"": 0.12453613172481781, ""ridge"": 0.13692005288393705, ""risk_adjusted"": 0.1294694992505047, ""short_momentum"": 0.11573286991671736, ""trend"": 0.13171940824113376, ""volume_momentum"": 0.11515338239419477}",0.0563480635599017,0.7718144119536512,-0.07172969211592659,0.0914395161917233,3491.TWO,2018-01-02,2018-01-03
0.0954125,224000,224000,0.023227911681770026,0.023227911681770026,0.2113724010480918,D-1 estimated accounting; fill-day constraints require ledger audit,adaptive,V4_CAUSAL_7_EXPERTS_RIDGE_ANCHOR20,risk_on,2018-01-02,risk_on,0.014857758957231055,0.010596143340365627,0.006165808637619397,0.7246376811594203,0.08037487242033843,0.7391304347826086,0.7028985507246377,2017-12-26,2017-12-05,"{""long_momentum"": 0.1323758615655201, ""mean_reversion"": 0.11409279402317446, ""medium_momentum"": 0.12453613172481781, ""ridge"": 0.13692005288393705, ""risk_adjusted"": 0.1294694992505047, ""short_momentum"": 0.11573286991671736, ""trend"": 0.13171940824113376, ""volume_momentum"": 0.11515338239419477}",0.07484471722964584,0.7718144119536512,-0.0891940140744718,0.12882128011541225,3529.TWO,2018-01-02,2018-01-03
0.09546075,478000,478000,0.022883610953394914,0.022883610953394914,0.2673440147911224,D-1 estimated accounting; fill-day constraints require ledger audit,adaptive,V4_CAUSAL_7_EXPERTS_RIDGE_ANCHOR20,risk_on,2018-01-02,risk_on,0.014857758957231055,0.010596143340365627,0.006165808637619397,0.7246376811594203,0.08037487242033843,0.7391304347826086,0.7028985507246377,2017-12-26,2017-12-05,"{""long_momentum"": 0.1323758615655201, ""mean_reversion"": 0.11409279402317446, ""medium_momentum"": 0.12453613172481781, ""ridge"": 0.13692005288393705, ""risk_adjusted"": 0.1294694992505047, ""short_momentum"": 0.11573286991671736, ""trend"": 0.13171940824113376, ""volume_momentum"": 0.11515338239419477}",0.05261556464233838,0.7718144119536512,-0.05450724304116117,0.0934459076253514,3533.TW,2018-01-02,2018-01-03
0.00012569999999999997,1000,1000,0.01841941446283529,0.01841941446283529,0.1201812832576595,D-1 estimated accounting; fill-day constraints require ledger audit,adaptive,V4_CAUSAL_7_EXPERTS_RIDGE_ANCHOR20,risk_on,2018-01-02,risk_on,0.014857758957231055,0.010596143340365627,0.006165808637619397,0.7246376811594203,0.08037487242033843,0.7391304347826086,0.7028985507246377,2017-12-26,2017-12-05,"{""long_momentum"": 0.1323758615655201, ""mean_reversion"": 0.11409279402317446, ""medium_momentum"": 0.12453613172481781, ""ridge"": 0.13692005288393705, ""risk_adjusted"": 0.1294694992505047, ""short_momentum"": 0.11573286991671736, ""trend"": 0.13171940824113376, ""volume_momentum"": 0.11515338239419477}",0.07539057446628165,0.5070626888226109,-0.09470574065217166,0.12471601225524265,6274.TWO,2018-01-02,2018-01-03
0.0470595,68000,68000,0.017441385342917302,0.017441385342917302,0.19982847112605173,D-1 estimated accounting; fill-day constraints require ledger audit,adaptive,V4_CAUSAL_7_EXPERTS_RIDGE_ANCHOR20,risk_on,2018-01-02,risk_on,0.014857758957231055,0.010596143340365627,0.006165808637619397,0.7246376811594203,0.08037487242033843,0.7391304347826086,0.7028985507246377,2017-12-26,2017-12-05,"{""long_momentum"": 0.1323758615655201, ""mean_reversion"": 0.11409279402317446, ""medium_momentum"": 0.12453613172481781, ""ridge"": 0.13692005288393705, ""risk_adjusted"": 0.1294694992505047, ""short_momentum"": 0.11573286991671736, ""trend"": 0.13171940824113376, ""volume_momentum"": 0.11515338239419477}",0.06423587608167312,0.7718144119536512,-0.08042280323993481,0.10847701660316983,6415.TW,2018-01-02,2018-01-03
0.0006495,1000,1000,0.01446264856409193,0.01446264856409193,0.21653183873819243,D-1 estimated accounting; fill-day constraints require ledger audit,adaptive,V4_CAUSAL_7_EXPERTS_RIDGE_ANCHOR20,risk_on,2018-01-02,risk_on,0.014857758957231055,0.010596143340365627,0.006165808637619397,0.7246376811594203,0.08037487242033843,0.7391304347826086,0.7028985507246377,2017-12-26,2017-12-05,"{""long_momentum"": 0.1323758615655201, ""mean_reversion"": 0.11409279402317446, ""medium_momentum"": 0.12453613172481781, ""ridge"": 0.13692005288393705, ""risk_adjusted"": 0.1294694992505047, ""short_momentum"": 0.11573286991671736, ""trend"": 0.13171940824113376, ""volume_momentum"": 0.11515338239419477}",0.049615932684052136,0.7685342601665652,-0.054798302994170996,0.07689504279975524,6548.TWO,2018-01-02,2018-01-03
3.5625e-05,1000,1000,0.012900928048794263,0.012900928048794263,0.2029427557879567,D-1 estimated accounting; fill-day constraints require ledger audit,adaptive,V4_CAUSAL_7_EXPERTS_RIDGE_ANCHOR20,risk_on,2018-01-02,risk_on,0.014857758957231055,0.010596143340365627,0.006165808637619397,0.7246376811594203,0.08037487242033843,0.7391304347826086,0.7028985507246377,2017-12-26,2017-12-05,"{""long_momentum"": 0.1323758615655201, ""mean_reversion"": 0.11409279402317446, ""medium_momentum"": 0.12453613172481781, ""ridge"": 0.13692005288393705, ""risk_adjusted"": 0.1294694992505047, ""short_momentum"": 0.11573286991671736, ""trend"": 0.13171940824113376, ""volume_momentum"": 0.11515338239419477}",0.050178339928824596,0.7718144119536512,-0.05814867642933916,0.07712197520432809,8415.TWO,2018-01-02,2018-01-03
5.6025e-05,1000,1000,0.020221784379699494,0.020221784379699494,0.23273855025221915,D-1 estimated accounting; fill-day constraints require ledger audit,adaptive,V4_CAUSAL_7_EXPERTS_RIDGE_ANCHOR20,risk_on,2018-01-03,risk_on,0.014866210774430804,0.03193927549343989,0.024409530914082045,0.9130434782608695,0.08934890910708353,0.8043478260869565,0.717391304347826,2017-12-26,2018-01-03,"{""long_momentum"": 0.1322041145523033, ""mean_reversion"": 0.11584816156888592, ""medium_momentum"": 0.12436763763830326, ""ridge"": 0.13699326647118754, ""risk_adjusted"": 0.12815003259348529, ""short_momentum"": 0.11457545351989834, ""trend"": 0.1312813606957725, ""volume_momentum"": 0.11657997296016387}",0.05803898034943316,0.7683036768622282,-0.06443826751499745,0.10369682059712482,1101.TW,2018-01-03,2018-01-04
0.00015525,1000,1000,0.01800922194202281,0.01800922194202281,0.2227091657843539,D-1 estimated accounting; fill-day constraints require ledger audit,adaptive,V4_CAUSAL_7_EXPERTS_RIDGE_ANCHOR20,risk_on,2018-01-03,risk_on,0.014866210774430804,0.03193927549343989,0.024409530914082045,0.9130434782608695,0.08934890910708353,0.8043478260869565,0.717391304347826,2017-12-26,2018-01-03,"{""long_momentum"": 0.1322041145523033, ""mean_reversion"": 0.11584816156888592, ""medium_momentum"": 0.12436763763830326, ""ridge"": 0.13699326647118754, ""risk_adjusted"": 0.12815003259348529, ""short_momentum"": 0.11457545351989834, ""trend"": 0.1312813606957725, ""volume_momentum"": 0.11657997296016387}",0.05636815688087039,0.7683036768622282,-0.06342618179171211,0.09825960999848612,1326.TW,2018-01-03,2018-01-04
3.15e-05,1000,1000,0.020600503864791776,0.020600503864791776,0.23007825114785313,D-1 estimated accounting; fill-day constraints require ledger audit,adaptive,V4_CAUSAL_7_EXPERTS_RIDGE_ANCHOR20,risk_on,2018-01-03,risk_on,0.014866210774430804,0.03193927549343989,0.024409530914082045,0.9130434782608695,0.08934890910708353,0.8043478260869565,0.717391304347826,2017-12-26,2018-01-03,"{""long_momentum"": 0.1322041145523033, ""mean_reversion"": 0.11584816156888592, ""medium_momentum"": 0.12436763763830326, ""ridge"": 0.13699326647118754, ""risk_adjusted"": 0.12815003259348529, ""short_momentum"": 0.11457545351989834, ""trend"": 0.1312813606957725, ""volume_momentum"": 0.11657997296016387}",0.05988763397838714,0.7683036768622282,-0.06737189260151871,0.10738788465383065,1519.TW,2018-01-03,2018-01-04
0.09534,3972000,3972000,0.08052761676512608,0.08052761676512608,0.27580922564012594,D-1 estimated accounting; fill-day constraints require ledger audit,adaptive,V4_CAUSAL_7_EXPERTS_RIDGE_ANCHOR20,risk_on,2018-01-03,risk_on,0.014866210774430804,0.03193927549343989,0.024409530914082045,0.9130434782608695,0.08934890910708353,0.8043478260869565,0.717391304347826,2017-12-26,2018-01-03,"{""long_momentum"": 0.1322041145523033, ""mean_reversion"": 0.11584816156888592, ""medium_momentum"": 0.12436763763830326, ""ridge"": 0.13699326647118754, ""risk_adjusted"": 0.12815003259348529, ""short_momentum"": 0.11457545351989834, ""trend"": 0.1312813606957725, ""volume_momentum"": 0.11657997296016387}",0.15272105777214065,0.7683036768622282,-0.11755910743033833,0.2774293252833189,1785.TWO,2018-01-03,2018-01-04
0.095337,4333000,4333000,0.04803247873293916,0.04803247873293916,0.48661084743019994,D-1 estimated accounting; fill-day constraints require ledger audit,adaptive,V4_CAUSAL_7_EXPERTS_RIDGE_ANCHOR20,risk_on,2018-01-03,risk_on,0.014866210774430804,0.03193927549343989,0.024409530914082045,0.9130434782608695,0.08934890910708353,0.8043478260869565,0.717391304347826,2017-12-26,2018-01-03,"{""long_momentum"": 0.1322041145523033, ""mean_reversion"": 0.11584816156888592, ""medium_momentum"": 0.12436763763830326, ""ridge"": 0.13699326647118754, ""risk_adjusted"": 0.12815003259348529, ""short_momentum"": 0.11457545351989834, ""trend"": 0.1312813606957725, ""volume_momentum"": 0.11657997296016387}",0.05595086804817879,1.0,-0.03255392361365614,0.12743386540226284,1802.TW,2018-01-03,2018-01-04
0.0953322,4039000,4039000,0.07846436590617882,0.07846436590617882,0.35813983679832,D-1 estimated accounting; fill-day constraints require ledger audit,adaptive,V4_CAUSAL_7_EXPERTS_RIDGE_ANCHOR20,risk_on,2018-01-03,risk_on,0.014866210774430804,0.03193927549343989,0.024409530914082045,0.9130434782608695,0.08934890910708353,0.8043478260869565,0.717391304347826,2017-12-26,2018-01-03,"{""long_momentum"": 0.1322041145523033, ""mean_reversion"": 0.11584816156888592, ""medium_momentum"": 0.12436763763830326, ""ridge"": 0.13699326647118754, ""risk_adjusted"": 0.12815003259348529, ""short_momentum"": 0.11457545351989834, ""trend"": 0.1312813606957725, ""volume_momentum"": 0.11657997296016387}",0.09558854199136672,0.7683036768622282,-0.05707375470614014,0.21281747084122615,1815.TWO,2018-01-03,2018-01-04
0.0954995,245000,245000,0.03775040302576449,0.03775040302576449,0.19635626389058225,D-1 estimated accounting; fill-day constraints require ledger audit,adaptive,V4_CAUSAL_7_EXPERTS_RIDGE_ANCHOR20,risk_on,2018-01-03,risk_on,0.014866210774430804,0.03193927549343989,0.024409530914082045,0.9130434782608695,0.08934890910708353,0.8043478260869565,0.717391304347826,2017-12-26,2018-01-03,"{""long_momentum"": 0.1322041145523033, ""mean_reversion"": 0.11584816156888592, ""medium_momentum"": 0.12436763763830326, ""ridge"": 0.13699326647118754, ""risk_adjusted"": 0.12815003259348529, ""short_momentum"": 0.11457545351989834, ""trend"": 0.1312813606957725, ""volume_momentum"": 0.11657997296016387}",0.12452356716109812,0.7683036768622282,-0.13017536311791167,0.20449115349216906,2327.TW,2018-01-03,2018-01-04
0.0952025,842000,842000,0.03177066683193583,0.03177066683193583,0.2551453935990204,D-1 estimated accounting; fill-day constraints require ledger audit,adaptive,V4_CAUSAL_7_EXPERTS_RIDGE_ANCHOR20,risk_on,2018-01-03,risk_on,0.014866210774430804,0.03193927549343989,0.024409530914082045,0.9130434782608695,0.08934890910708353,0.8043478260869565,0.717391304347826,2017-12-26,2018-01-03,"{""long_momentum"": 0.1322041145523033, ""mean_reversion"": 0.11584816156888592, ""medium_momentum"": 0.12436763763830326, ""ridge"": 0.13699326647118754, ""risk_adjusted"": 0.12815003259348529, ""short_momentum"": 0.11457545351989834, ""trend"": 0.1312813606957725, ""volume_momentum"": 0.11657997296016387}",0.07395458722477995,0.7683036768622282,-0.07711217365367816,0.1394684916402782,2345.TW,2018-01-03,2018-01-04
8.295e-05,1000,1000,0.015554361652561407,0.015554361652561407,0.18704880903446444,D-1 estimated accounting; fill-day constraints require ledger audit,adaptive,V4_CAUSAL_7_EXPERTS_RIDGE_ANCHOR20,risk_on,2018-01-03,risk_on,0.014866210774430804,0.03193927549343989,0.024409530914082045,0.9130434782608695,0.08934890910708353,0.8043478260869565,0.717391304347826,2017-12-26,2018-01-03,"{""long_momentum"": 0.1322041145523033, ""mean_reversion"": 0.11584816156888592, ""medium_momentum"": 0.12436763763830326, ""ridge"": 0.13699326647118754, ""risk_adjusted"": 0.12815003259348529, ""short_momentum"": 0.11457545351989834, ""trend"": 0.1312813606957725, ""volume_momentum"": 0.11657997296016387}",0.06387275507026777,0.7683036768622282,-0.07893770074033106,0.10886140836818227,2376.TW,2018-01-03,2018-01-04
0.0953275,1121000,1121000,0.0371258493092355,0.0371258493092355,0.2050097285384563,D-1 estimated accounting; fill-day constraints require ledger audit,adaptive,V4_CAUSAL_7_EXPERTS_RIDGE_ANCHOR20,risk_on,2018-01-03,risk_on,0.014866210774430804,0.03193927549343989,0.024409530914082045,0.9130434782608695,0.08934890910708353,0.8043478260869565,0.717391304347826,2017-12-26,2018-01-03,"{""long_momentum"": 0.1322041145523033, ""mean_reversion"": 0.11584816156888592, ""medium_momentum"": 0.12436763763830326, ""ridge"": 0.13699326647118754, ""risk_adjusted"": 0.12815003259348529, ""short_momentum"": 0.11457545351989834, ""trend"": 0.1312813606957725, ""volume_momentum"": 0.11657997296016387}",0.1157468777362939,0.7683036768622282,-0.12118942375275561,0.194256106693955,2377.TW,2018-01-03,2018-01-04
0.0639541,1515000,1515000,0.021868364557876448,0.021868364557876448,0.25845925028868144,D-1 estimated accounting; fill-day constraints require ledger audit,adaptive,V4_CAUSAL_7_EXPERTS_RIDGE_ANCHOR20,risk_on,2018-01-03,risk_on,0.014866210774430804,0.03193927549343989,0.024409530914082045,0.9130434782608695,0.08934890910708353,0.8043478260869565,0.717391304347826,2017-12-26,2018-01-03,"{""long_momentum"": 0.1322041145523033, ""mean_reversion"": 0.11584816156888592, ""medium_momentum"": 0.12436763763830326, ""ridge"": 0.13699326647118754, ""risk_adjusted"": 0.12815003259348529, ""short_momentum"": 0.11457545351989834, ""trend"": 0.1312813606957725, ""volume_momentum"": 0.11657997296016387}",0.0532659483971826,0.7708490929602032,-0.052644725080097675,0.09519643851857895,3163.TWO,2018-01-03,2018-01-04
0.0953865,225000,225000,0.032897309927358585,0.032897309927358585,0.40763365986590133,D-1 estimated accounting; fill-day constraints require ledger audit,adaptive,V4_CAUSAL_7_EXPERTS_RIDGE_ANCHOR20,risk_on,2018-01-03,risk_on,0.014866210774430804,0.03193927549343989,0.024409530914082045,0.9130434782608695,0.08934890910708353,0.8043478260869565,0.717391304347826,2017-12-26,2018-01-03,"{""long_momentum"": 0.1322041145523033, ""mean_reversion"": 0.11584816156888592, ""medium_momentum"": 0.12436763763830326, ""ridge"": 0.13699326647118754, ""risk_adjusted"": 0.12815003259348529, ""short_momentum"": 0.11457545351989834, ""trend"": 0.1312813606957725, ""volume_momentum"": 0.11657997296016387}",0.0550717298222676,1.0,-0.045829865004405564,0.11043946918185113,3529.TWO,2018-01-03,2018-01-04
0.0203975,102000,102000,0.019607898075965826,0.019607898075965826,0.2528857525014598,D-1 estimated accounting; fill-day constraints require ledger audit,adaptive,V4_CAUSAL_7_EXPERTS_RIDGE_ANCHOR20,risk_on,2018-01-03,risk_on,0.014866210774430804,0.03193927549343989,0.024409530914082045,0.9130434782608695,0.08934890910708353,0.8043478260869565,0.717391304347826,2017-12-26,2018-01-03,"{""long_momentum"": 0.1322041145523033, ""mean_reversion"": 0.11584816156888592, ""medium_momentum"": 0.12436763763830326, ""ridge"": 0.13699326647118754, ""risk_adjusted"": 0.12815003259348529, ""short_momentum"": 0.11457545351989834, ""trend"": 0.1312813606957725, ""volume_momentum"": 0.11657997296016387}",0.05040216367674556,0.7708490929602032,-0.045987725776371335,0.08401850625103138,3533.TW,2018-01-03,2018-01-04
0.0010695,1000,1000,0.01424009021203046,0.01424009021203046,0.20456627150422801,D-1 estimated accounting; fill-day constraints require ledger audit,adaptive,V4_CAUSAL_7_EXPERTS_RIDGE_ANCHOR20,risk_on,2018-01-03,risk_on,0.014866210774430804,0.03193927549343989,0.024409530914082045,0.9130434782608695,0.08934890910708353,0.8043478260869565,0.717391304347826,2017-12-26,2018-01-03,"{""long_momentum"": 0.1322041145523033, ""mean_reversion"": 0.11584816156888592, ""medium_momentum"": 0.12436763763830326, ""ridge"": 0.13699326647118754, ""risk_adjusted"": 0.12815003259348529, ""short_momentum"": 0.11457545351989834, ""trend"": 0.1312813606957725, ""volume_momentum"": 0.11657997296016387}",0.05302124565906132,0.7683036768622282,-0.059647553272889356,0.08694271801967866,5274.TWO,2018-01-03,2018-01-04
0.00012239999999999997,1000,1000,0.015551813231255067,0.015551813231255067,0.17551477713093752,D-1 estimated accounting; fill-day constraints require ledger audit,adaptive,V4_CAUSAL_7_EXPERTS_RIDGE_ANCHOR20,risk_on,2018-01-03,risk_on,0.014866210774430804,0.03193927549343989,0.024409530914082045,0.9130434782608695,0.08934890910708353,0.8043478260869565,0.717391304347826,2017-12-26,2018-01-03,"{""long_momentum"": 0.1322041145523033, ""mean_reversion"": 0.11584816156888592, ""medium_momentum"": 0.12436763763830326, ""ridge"": 0.13699326647118754, ""risk_adjusted"": 0.12815003259348529, ""short_momentum"": 0.11457545351989834, ""trend"": 0.1312813606957725, ""volume_momentum"": 0.11657997296016387}",0.06941231360679105,0.7683036768622282,-0.08711310313962532,0.11703171392486385,5483.TWO,2018-01-03,2018-01-04
5.46e-05,1000,1000,0.020087639856874107,0.020087639856874107,0.1713605015834372,D-1 estimated accounting; fill-day constraints require ledger audit,adaptive,V4_CAUSAL_7_EXPERTS_RIDGE_ANCHOR20,risk_on,2018-01-03,risk_on,0.014866210774430804,0.03193927549343989,0.024409530914082045,0.9130434782608695,0.08934890910708353,0.8043478260869565,0.717391304347826,2017-12-26,2018-01-03,"{""long_momentum"": 0.1322041145523033, ""mean_reversion"": 0.11584816156888592, ""medium_momentum"": 0.12436763763830326, ""ridge"": 0.13699326647118754, ""risk_adjusted"": 0.12815003259348529, ""short_momentum"": 0.11457545351989834, ""trend"": 0.1312813606957725, ""volume_momentum"": 0.11657997296016387}",0.08739409174243847,0.7683036768622282,-0.10574902048800404,0.14473928452448065,6139.TW,2018-01-03,2018-01-04
6.5925e-05,1000,1000,0.017693803554975244,0.017693803554975244,0.20922939818249647,D-1 estimated accounting; fill-day constraints require ledger audit,adaptive,V4_CAUSAL_7_EXPERTS_RIDGE_ANCHOR20,risk_on,2018-01-03,risk_on,0.014866210774430804,0.03193927549343989,0.024409530914082045,0.9130434782608695,0.08934890910708353,0.8043478260869565,0.717391304347826,2017-12-26,2018-01-03,"{""long_momentum"": 0.1322041145523033, ""mean_reversion"": 0.11584816156888592, ""medium_momentum"": 0.12436763763830326, ""ridge"": 0.13699326647118754, ""risk_adjusted"": 0.12815003259348529, ""short_momentum"": 0.11457545351989834, ""trend"": 0.1312813606957725, ""volume_momentum"": 0.11657997296016387}",0.06063928856656588,0.7683036768622282,-0.07156517438454071,0.10576776581721958,6182.TWO,2018-01-03,2018-01-04
0.0952745,1070000,1070000,0.042551588069214795,0.042551588069214795,0.23956069374706132,D-1 estimated accounting; fill-day constraints require ledger audit,adaptive,V4_CAUSAL_7_EXPERTS_RIDGE_ANCHOR20,risk_on,2018-01-03,risk_on,0.014866210774430804,0.03193927549343989,0.024409530914082045,0.9130434782608695,0.08934890910708353,0.8043478260869565,0.717391304347826,2017-12-26,2018-01-03,"{""long_momentum"": 0.1322041145523033, ""mean_reversion"": 0.11584816156888592, ""medium_momentum"": 0.12436763763830326, ""ridge"": 0.13699326647118754, ""risk_adjusted"": 0.12815003259348529, ""short_momentum"": 0.11457545351989834, ""trend"": 0.1312813606957725, ""volume_momentum"": 0.11657997296016387}",0.10495281230954705,0.7683036768622282,-0.10371805282243712,0.1876362132835951,6274.TWO,2018-01-03,2018-01-04
0.0580515,84000,84000,0.020576355652817655,0.020576355652817655,0.23857399154241202,D-1 estimated accounting; fill-day constraints require ledger audit,adaptive,V4_CAUSAL_7_EXPERTS_RIDGE_ANCHOR20,risk_on,2018-01-03,risk_on,0.014866210774430804,0.03193927549343989,0.024409530914082045,0.9130434782608695,0.08934890910708353,0.8043478260869565,0.717391304347826,2017-12-26,2018-01-03,"{""long_momentum"": 0.1322041145523033, ""mean_reversion"": 0.11584816156888592, ""medium_momentum"": 0.12436763763830326, ""ridge"": 0.13699326647118754, ""risk_adjusted"": 0.12815003259348529, ""short_momentum"": 0.11457545351989834, ""trend"": 0.1312813606957725, ""volume_momentum"": 0.11657997296016387}",0.05678973950178568,0.7683036768622282,-0.061697560054734035,0.10166525568309773,6415.TW,2018-01-03,2018-01-04
0.0006435,1000,1000,0.02231844998061017,0.02231844998061017,0.2085639251946667,D-1 estimated accounting; fill-day constraints require ledger audit,adaptive,V4_CAUSAL_7_EXPERTS_RIDGE_ANCHOR20,risk_on,2018-01-03,risk_on,0.014866210774430804,0.03193927549343989,0.024409530914082045,0.9130434782608695,0.08934890910708353,0.8043478260869565,0.717391304347826,2017-12-26,2018-01-03,"{""long_momentum"": 0.1322041145523033, ""mean_reversion"": 0.11584816156888592, ""medium_momentum"": 0.12436763763830326, ""ridge"": 0.13699326647118754, ""risk_adjusted"": 0.12815003259348529, ""short_momentum"": 0.11457545351989834, ""trend"": 0.1312813606957725, ""volume_momentum"": 0.11657997296016387}",0.0733167176145976,0.7683036768622282,-0.08571113645092839,0.12916302073487712,6488.TWO,2018-01-03,2018-01-04
0.0016725,1000,1000,0.0251014098366444,0.0251014098366444,0.16584618293790485,D-1 estimated accounting; fill-day constraints require ledger audit,adaptive,V4_CAUSAL_7_EXPERTS_RIDGE_ANCHOR20,risk_on,2018-01-03,risk_on,0.014866210774430804,0.03193927549343989,0.024409530914082045,0.9130434782608695,0.08934890910708353,0.8043478260869565,0.717391304347826,2017-12-26,2018-01-03,"{""long_momentum"": 0.1322041145523033, ""mean_reversion"": 0.11584816156888592, ""medium_momentum"": 0.12436763763830326, ""ridge"": 0.13699326647118754, ""risk_adjusted"": 0.12815003259348529, ""short_momentum"": 0.11457545351989834, ""trend"": 0.1312813606957725, ""volume_momentum"": 0.11657997296016387}",0.06135660938982587,0.5038954477576216,-0.06535795026477266,0.11437575426078984,6510.TWO,2018-01-03,2018-01-04
0.00065625,1000,1000,0.015867226006296472,0.015867226006296472,0.21802190326709775,D-1 estimated accounting; fill-day constraints require ledger audit,adaptive,V4_CAUSAL_7_EXPERTS_RIDGE_ANCHOR20,risk_on,2018-01-03,risk_on,0.014866210774430804,0.03193927549343989,0.024409530914082045,0.9130434782608695,0.08934890910708353,0.8043478260869565,0.717391304347826,2017-12-26,2018-01-03,"{""long_momentum"": 0.1322041145523033, ""mean_reversion"": 0.11584816156888592, ""medium_momentum"": 0.12436763763830326, ""ridge"": 0.13699326647118754, ""risk_adjusted"": 0.12815003259348529, ""short_momentum"": 0.11457545351989834, ""trend"": 0.1312813606957725, ""volume_momentum"": 0.11657997296016387}",0.0526683510449299,0.7683036768622282,-0.05708861644215785,0.08763805277747919,6548.TWO,2018-01-03,2018-01-04
