date,decision_date,cutoff_at,plan_reason,metadata,submission_status,official_whitelist_status,active_share_status
2013-10-18,2013-10-21,2013-10-21 08:55:00+08:00,D-1 estimated accounting; fill-day constraints require ledger audit,{},BLOCK_SUBMISSION,UNKNOWN_HISTORICAL_RESEARCH_POOL,UNKNOWN_MISSING_HISTORICAL_ETF_HOLDINGS
2013-10-21,2013-10-22,2013-10-22 08:55:00+08:00,D-1 estimated accounting; fill-day constraints require ledger audit,{},BLOCK_SUBMISSION,UNKNOWN_HISTORICAL_RESEARCH_POOL,UNKNOWN_MISSING_HISTORICAL_ETF_HOLDINGS
2013-10-22,2013-10-23,2013-10-23 08:55:00+08:00,D-1 estimated accounting; fill-day constraints require ledger audit,{},BLOCK_SUBMISSION,UNKNOWN_HISTORICAL_RESEARCH_POOL,UNKNOWN_MISSING_HISTORICAL_ETF_HOLDINGS
2013-10-23,2013-10-24,2013-10-24 08:55:00+08:00,D-1 estimated accounting; fill-day constraints require ledger audit,{},BLOCK_SUBMISSION,UNKNOWN_HISTORICAL_RESEARCH_POOL,UNKNOWN_MISSING_HISTORICAL_ETF_HOLDINGS
2013-10-24,2013-10-25,2013-10-25 08:55:00+08:00,D-1 estimated accounting; fill-day constraints require ledger audit,{},BLOCK_SUBMISSION,UNKNOWN_HISTORICAL_RESEARCH_POOL,UNKNOWN_MISSING_HISTORICAL_ETF_HOLDINGS
2013-10-25,2013-10-28,2013-10-28 08:55:00+08:00,D-1 estimated accounting; fill-day constraints require ledger audit,{},BLOCK_SUBMISSION,UNKNOWN_HISTORICAL_RESEARCH_POOL,UNKNOWN_MISSING_HISTORICAL_ETF_HOLDINGS
2013-10-28,2013-10-29,2013-10-29 08:55:00+08:00,D-1 estimated accounting; fill-day constraints require ledger audit,{},BLOCK_SUBMISSION,UNKNOWN_HISTORICAL_RESEARCH_POOL,UNKNOWN_MISSING_HISTORICAL_ETF_HOLDINGS
2013-10-29,2013-10-30,2013-10-30 08:55:00+08:00,D-1 estimated accounting; fill-day constraints require ledger audit,{},BLOCK_SUBMISSION,UNKNOWN_HISTORICAL_RESEARCH_POOL,UNKNOWN_MISSING_HISTORICAL_ETF_HOLDINGS
2013-10-30,2013-10-31,2013-10-31 08:55:00+08:00,D-1 estimated accounting; fill-day constraints require ledger audit,{},BLOCK_SUBMISSION,UNKNOWN_HISTORICAL_RESEARCH_POOL,UNKNOWN_MISSING_HISTORICAL_ETF_HOLDINGS
2013-10-31,2013-11-01,2013-11-01 08:55:00+08:00,D-1 estimated accounting; fill-day constraints require ledger audit,{},BLOCK_SUBMISSION,UNKNOWN_HISTORICAL_RESEARCH_POOL,UNKNOWN_MISSING_HISTORICAL_ETF_HOLDINGS
2013-11-01,2013-11-04,2013-11-04 08:55:00+08:00,D-1 estimated accounting; fill-day constraints require ledger audit,{},BLOCK_SUBMISSION,UNKNOWN_HISTORICAL_RESEARCH_POOL,UNKNOWN_MISSING_HISTORICAL_ETF_HOLDINGS
2013-11-04,2013-11-05,2013-11-05 08:55:00+08:00,D-1 estimated accounting; fill-day constraints require ledger audit,{},BLOCK_SUBMISSION,UNKNOWN_HISTORICAL_RESEARCH_POOL,UNKNOWN_MISSING_HISTORICAL_ETF_HOLDINGS
2013-11-05,2013-11-06,2013-11-06 08:55:00+08:00,D-1 estimated accounting; fill-day constraints require ledger audit,{},BLOCK_SUBMISSION,UNKNOWN_HISTORICAL_RESEARCH_POOL,UNKNOWN_MISSING_HISTORICAL_ETF_HOLDINGS
2013-11-06,2013-11-07,2013-11-07 08:55:00+08:00,D-1 estimated accounting; fill-day constraints require ledger audit,{},BLOCK_SUBMISSION,UNKNOWN_HISTORICAL_RESEARCH_POOL,UNKNOWN_MISSING_HISTORICAL_ETF_HOLDINGS
2013-11-07,2013-11-08,2013-11-08 08:55:00+08:00,D-1 estimated accounting; fill-day constraints require ledger audit,{},BLOCK_SUBMISSION,UNKNOWN_HISTORICAL_RESEARCH_POOL,UNKNOWN_MISSING_HISTORICAL_ETF_HOLDINGS
2013-11-08,2013-11-11,2013-11-11 08:55:00+08:00,D-1 estimated accounting; fill-day constraints require ledger audit,{},BLOCK_SUBMISSION,UNKNOWN_HISTORICAL_RESEARCH_POOL,UNKNOWN_MISSING_HISTORICAL_ETF_HOLDINGS
2013-11-11,2013-11-12,2013-11-12 08:55:00+08:00,D-1 estimated accounting; fill-day constraints require ledger audit,{},BLOCK_SUBMISSION,UNKNOWN_HISTORICAL_RESEARCH_POOL,UNKNOWN_MISSING_HISTORICAL_ETF_HOLDINGS
2013-11-12,2013-11-13,2013-11-13 08:55:00+08:00,D-1 estimated accounting; fill-day constraints require ledger audit,{},BLOCK_SUBMISSION,UNKNOWN_HISTORICAL_RESEARCH_POOL,UNKNOWN_MISSING_HISTORICAL_ETF_HOLDINGS
2013-11-13,2013-11-14,2013-11-14 08:55:00+08:00,D-1 estimated accounting; fill-day constraints require ledger audit,{},BLOCK_SUBMISSION,UNKNOWN_HISTORICAL_RESEARCH_POOL,UNKNOWN_MISSING_HISTORICAL_ETF_HOLDINGS
2013-11-14,2013-11-15,2013-11-15 08:55:00+08:00,D-1 estimated accounting; fill-day constraints require ledger audit,{},BLOCK_SUBMISSION,UNKNOWN_HISTORICAL_RESEARCH_POOL,UNKNOWN_MISSING_HISTORICAL_ETF_HOLDINGS
2013-11-15,2013-11-18,2013-11-18 08:55:00+08:00,D-1 estimated accounting; fill-day constraints require ledger audit,{},BLOCK_SUBMISSION,UNKNOWN_HISTORICAL_RESEARCH_POOL,UNKNOWN_MISSING_HISTORICAL_ETF_HOLDINGS
2013-11-18,2013-11-19,2013-11-19 08:55:00+08:00,D-1 estimated accounting; fill-day constraints require ledger audit,{},BLOCK_SUBMISSION,UNKNOWN_HISTORICAL_RESEARCH_POOL,UNKNOWN_MISSING_HISTORICAL_ETF_HOLDINGS
2013-11-19,2013-11-20,2013-11-20 08:55:00+08:00,D-1 estimated accounting; fill-day constraints require ledger audit,{},BLOCK_SUBMISSION,UNKNOWN_HISTORICAL_RESEARCH_POOL,UNKNOWN_MISSING_HISTORICAL_ETF_HOLDINGS
2013-11-20,2013-11-21,2013-11-21 08:55:00+08:00,D-1 estimated accounting; fill-day constraints require ledger audit,{},BLOCK_SUBMISSION,UNKNOWN_HISTORICAL_RESEARCH_POOL,UNKNOWN_MISSING_HISTORICAL_ETF_HOLDINGS
2013-11-21,,,TERMINAL_NO_PLAN,{},BLOCK_SUBMISSION,UNKNOWN_HISTORICAL_RESEARCH_POOL,UNKNOWN_MISSING_HISTORICAL_ETF_HOLDINGS
